0,BELLA
1,MAX
3,CHARLIE
4,COCO
5,ROCKY
6,LOLA
7,LUCKY
8,LUCY
9,BUDDY
10,DAISY
11,PRINCESS
12,BAILEY
14,MOLLY
17,TEDDY
18,CHLOE
19,TOBY
20,LUNA
21,JACK
22,MAGGIE
23,OREO
24,SOPHIE
25,LILY
26,OLIVER
27,MILO
28,GIZMO
29,LADY
30,GINGER
31,MIA
32,PENNY
33,LULU
34,RUBY
35,COOPER
36,COOKIE
37,PRINCE
39,STELLA
41,LEO
42,SASHA
43,CODY
44,RILEY
45,ROXY
46,JAKE
47,SHADOW
48,BUSTER
49,SADIE
50,BABY
51,OSCAR
52,BEAR
53,ZOE
54,ROSIE
55,SAMMY
58,ZOEY
59,BRUNO
61,HENRY
62,SANDY
64,PEPPER
65,DUKE
67,SPARKY
68,BLUE
69,DEXTER
70,GRACIE
71,KING
72,ANGEL
73,BENTLEY
74,RUSTY
75,SAM
76,HONEY
77,REX
78,ROMEO
80,BROOKLYN
81,ZEUS
82,PEANUT
84,MICKEY
85,LOUIE
86,BENJI
87,BROWNIE
88,DIAMOND
89,ROCCO
91,WINSTON
92,SCOUT
93,HARLEY
94,FRANKIE
95,EMMA
96,MISSY
97,JASPER
98,SIMBA
99,LEXI
101,TYSON
102,JACKSON
103,LAYLA
104,SNOOPY
105,MAXIMUS
106,MADISON
107,GEORGE
108,LILLY
109,MURPHY
110,NALA
111,PRECIOUS
112,TUCKER
113,JOEY
114,OLIVE
115,MARLEY
116,MAYA
117,HUDSON
118,GIGI
119,GUS
120,ABBY
121,BANDIT
122,FLUFFY
123,JAX
125,CASEY
126,CHESTER
127,BAXTER
128,SPIKE
129,MIMI
130,PEBBLES
133,DIESEL
134,MINNIE
136,BENNY
137,ELLIE
138,ELLA
139,MOCHA
140,CHICO
141,ACE
142,HUNTER
143,CHEWY
144,HARRY
146,HAZEL
147,ROXIE
148,BELLE
149,HOLLY
150,NINA
153,REMY
154,SAMANTHA
155,PHOEBE
156,FOXY
157,SUGAR
158,OTIS
161,ZIGGY
162,NENA
163,ELVIS
164,HAPPY
165,RUFUS
166,BRANDY
168,COCOA
169,OLLIE
170,ARCHIE
171,CHASE
172,PETEY
173,TIGER
174,DAKOTA
175,HERSHEY
176,RUDY
177,SAMSON
178,TRIXIE
179,LUKE
181,PENELOPE
182,SMOKEY
183,SUNNY
184,CHANCE
185,LOKI
186,GUCCI
188,WINNIE
189,APOLLO
190,BISCUIT
191,MILLIE
192,MR.
193,CHAMP
194,COSMO
196,PARKER
197,ANNIE
198,BOOMER
199,BRUCE
200,KIKI
201,CASPER
205,JACKIE
207,ROSCOE
208,SCOOBY
209,SONNY
210,JUNIOR
211,PIPER
212,THOR
213,MISTY
217,BOBBY
218,DIXIE
219,SNOWBALL
220,WILLOW
221,BOSCO
222,MUFFIN
223,NIKKI
224,ONYX
225,SHEBA
229,FIONA
231,LUCAS
232,BONNIE
233,LITTLE
234,LOGAN
235,NIKO
236,KATIE
237,MADDIE
238,SIMON
239,SOPHIA
240,KOBE
241,IZZY
242,MAXWELL
243,SIR
244,STAR
245,BETTY
246,DINO
248,BOO
249,JESSIE
250,MIKEY
251,HANK
252,NICO
253,PATCHES
254,MASON
255,SKY
256,SPANKY
257,STORM
258,CLEO
260,LEXIE
261,LUCA
262,MONTY
264,BEAU
266,MIDNIGHT
267,OTTO
269,CALLIE
270,PARIS
272,RAMBO
273,SNOW
274,WALLY
275,CHARLEY
276,DOLLY
277,OZZY
278,TINY
279,AMBER
280,ISABELLA
281,YOGI
282,BARNEY
283,BRADY
284,CHELSEA
285,XENA
286,BRODY
287,HERCULES
288,MILES
289,SCRAPPY
291,TAZ
292,BILLY
293,CASSIE
295,FRED
296,JOJO
297,PEACHES
298,RICKY
299,SPENCER
300,DELILAH
302,HUGO
303,CHANEL
304,CINNAMON
306,DYLAN
307,LOUIS
308,MOCHI
309,OLIVIA
310,SHEA
312,JASMINE
315,WALTER
316,AVA
317,BO
318,MOOSE
319,SEBASTIAN
321,WILLIE
322,BEBE
323,BRUTUS
325,DUSTY
326,FINN
328,SALLY
329,ANDY
330,CHEWIE
331,PUMPKIN
332,CASH
333,CHARLOTTE
334,DANTE
335,ELI
336,JOSIE
337,SASSY
338,ALFIE
340,BAMBI
341,EDDIE
342,KOKO
343,MABEL
344,POLO
345,CHIP
346,JESSE
347,SHELBY
348,WATSON
349,BLU
350,DIVA
351,ERNIE
352,MISS
353,MUGSY
354,PEPE
355,TANK
356,TONY
357,ATHENA
358,LACEY
359,SKIPPY
360,BACI
361,BOBO
362,CHOCOLATE
363,DIEGO
364,SYDNEY
365,BENJAMIN
366,ENZO
367,GUINNESS
368,JERRY
369,JIMMY
370,JUNO
371,REGGIE
372,SCRUFFY
373,STANLEY
374,TIFFANY
375,TOMMY
376,ALEX
377,BLACKIE
378,CLYDE
379,FRANK
380,GOLDIE
381,HEIDI
382,OZZIE
383,CALI
384,CINDY
385,GRACE
386,LILA
387,TINA
388,YOSHI
389,BARKLEY
390,BEN
391,BUBBA
392,GIA
393,MATILDA
394,PACO
395,TOOTSIE
396,VIOLET
397,DOLCE
399,DUNCAN
400,HOPE
401,JETER
402,NEMO
403,NINO
404,RANGER
405,SCOOTER
406,SNOWY
407,KELLY
408,RICO
409,SHAGGY
410,SNICKERS
411,TACO
412,BIANCA
413,BUFFY
414,BUTTERCUP
415,DUCHESS
416,LEILA
417,MOMO
418,THEO
419,BAM
420,BLAZE
421,BUTTONS
422,GEORGIA
423,HARVEY
424,LINDA
425,MAC
426,PANDA
427,SUMMER
428,SUSIE
429,BOWIE
431,DALLAS
432,HANNAH
433,JADE
434,KODA
435,MACK
436,NICKY
437,PINKY
441,SHILOH
443,SOFIA
444,THEODORE
445,BERNIE
446,CAESAR
447,CANDY
448,DASH
449,MACHO
450,MILA
451,NAPOLEON
452,RALPH
453,RED
454,TOTO
455,CAPTAIN
456,FRANKLIN
457,GYPSY
458,IVY
459,KIRBY
460,PEARL
461,BIGGIE
462,BUTTER
463,CHARLES
464,FRITZ
465,MOOKIE
466,MURRAY
468,POPPY
469,SHORTY
470,STEWIE
471,SUKI
472,TITAN
473,TROUBLE
474,AMY
475,BUBBLES
478,DOMINO
479,FREDDIE
480,JADA
481,JAY
483,LINUS
485,PETER
488,PLUTO
489,QUINCY
490,RASCAL
491,ROCKET
492,TALLULAH
493,UNKOWN
494,ZELDA
495,CUPCAKE
496,DUTCH
498,KHLOE
499,LILO
502,MANDY
503,MOJO
504,PIPPA
505,FAITH
506,FRIDA
507,ISIS
508,JORDAN
509,KUMA
512,MAXINE
513,MELO
514,PIXIE
515,SPOT
516,STITCH
517,TINKERBELL
519,BUTCH
520,HARPER
521,MAJOR
522,MARTY
523,MAXIE
524,NOAH
525,ROCKO
526,SCARLETT
527,SOFIE
529,TITO
530,VALENTINO
531,BASIL
532,BETSY
533,FIFI
534,JAZZY
535,MILEY
536,MYLO
537,RINGO
539,STEVIE
540,TIGGER
541,TYLER
542,WINTER
543,COCONUT
544,DUTCHESS
545,EMILY
546,GATSBY
547,JOHNNY
548,KONA
549,NELLIE
550,NYLA
551,PABLO
554,RIPLEY
555,SAVANNAH
557,TARA
558,TROY
559,YODA
560,ALICE
561,ARIEL
563,CARTER
564,EVA
565,GEORGIE
566,LONDON
567,LUIGI
568,MINI
569,MISTER
570,PETE
571,ROSCO
572,SAMMIE
574,WILLY
575,ATTICUS
576,BEAUTY
577,BILLIE
578,BUNNY
579,CRYSTAL
581,JENNY
582,MAXI
584,MYA
585,POOKIE
586,REILLY
587,ROSE
588,SUNSHINE
589,SWEETIE
590,TANGO
591,WHISKEY
592,WILSON
593,YUKI
594,ABIGAIL
595,ACHILLES
596,BINGO
600,BUGSY
601,CHEWBACCA
602,DORA
603,EINSTEIN
604,ELSA
605,JULIE
606,LYLA
607,MORGAN
608,NACHO
610,NIKKO
611,PERCY
612,SEAMUS
613,SHERLOCK
614,SKYE
615,SNUGGLES
616,TOBI
617,ZORRO
618,ASTRO
619,BODHI
620,DJ
621,GINO
622,KANE
623,KIWI
624,LANA
625,LENNY
626,LINCOLN
627,LOU
628,MOXIE
629,ODIE
630,BRANDI
631,DARLA
633,DUFFY
634,GRIFFIN
635,MIKA
636,MINDY
637,MR
638,NOVA
639,PETUNIA
640,ROGER
642,ROXANNE
644,SAGE
645,SUZIE
646,THUNDER
647,ZEKE
648,BLACK
649,CAPONE
650,CHIQUITA
651,COBY
653,COMET
654,EMMY
655,FELIX
656,FINNEGAN
657,GABBY
658,JAZZ
660,KARMA
661,KIRA
662,LAILA
663,MAGIC
664,MONA
665,NORMAN
666,ODIN
667,PIPPIN
668,QUINN
669,RAVEN
670,SNOWFLAKE
672,SPARTACUS
673,ASHLEY
676,BLAKE
677,CESAR
678,CHI
679,CLEMENTINE
680,CLEOPATRA
681,DJANGO
682,JACOB
684,MISHA
685,OPIE
686,PIP
687,WOODY
688,ANGIE
690,AUSTIN
691,AXEL
692,BLONDIE
693,DAPHNE
694,KINGSTON
695,LIL
696,LIZZIE
697,MOE
698,MOLLIE
699,MUNECA
700,NO
701,PAPI
702,QUEENIE
703,SARAH
704,SKYLAR
705,CHOCO
706,CJ
707,FREDDY
708,JOY
709,KALI
710,KAYLA
711,NATHAN
712,TIMMY
713,WILBUR
714,YANKEE
715,ABBEY
716,ALLIE
717,ANGUS
719,ANNABELLE
720,BEAN
721,BORIS
722,BULLET
723,CALVIN
725,COTTON
726,CUDDLES
727,DANNY
728,ELOISE
729,LEIA
731,MAISIE
732,MAXX
733,MUNCHKIN
734,NOEL
735,PHOENIX
736,PUPPY
737,SAWYER
738,SPARKLE
739,AJ
740,BANJO
741,BLACKY
742,BOOTS
743,BUDDHA
744,BUTTERS
745,CARLY
746,CHERRY
747,CHICHI
748,CHUCK
749,COPPER
750,DOTTIE
751,DUDLEY
752,EBONY
753,GEMMA
754,GHOST
755,GRETA
757,HALO
758,HUMPHREY
759,INDIANA
760,JET
761,LILI
762,POOCHIE
763,PUFFY
764,RIO
765,SARA
766,SHANE
767,SIDNEY
768,TASHA
769,TAYLOR
770,TESS
771,THOMAS
772,WRIGLEY
773,ZENA
774,APPLE
775,AUDREY
777,BIRDIE
778,BLANCA
779,CHINA
780,COFFEE
781,COLE
782,FINLEY
785,GUNNER
786,HACHI
787,HOMER
788,ISABELLE
789,JAMESON
790,JOE
792,KAI
793,LALA
794,NICK
795,NIGEL
797,NOODLES
798,PICKLES
799,REESE
801,RORY
802,RYDER
803,SNOOP
804,TILLY
805,ZACK
806,ASPEN
807,AUGIE
808,BARON
809,BENSON
810,BOB
812,BOY
813,CHARLY
814,CHICA
815,CLOVER
816,DEE
817,DESTINY
818,DOBBY
819,FROSTY
820,GIDGET
821,IGGY
822,KAISER
823,LEVI
824,LUKA
825,MADDY
826,NORA
827,POLLY
828,POPCORN
829,REESES
830,RUSSELL
831,SHAYNA
832,TIKI
833,TINO
834,VICTORIA
835,XIAO
836,ASIA
837,AUGUSTUS
838,AUTUMN
839,BISHOP
840,BUTTON
841,CHUCKY
842,HENNESSY
843,INDY
844,JJ
845,LAIKA
846,LIBBY
847,LULA
849,MADELINE
851,MAMA
852,MANNY
853,MAPLE
855,MERLIN
857,MISHKA
858,NELSON
859,NOLA
860,PEPSI
862,PUCK
863,RALPHIE
865,RUPERT
866,SOOKIE
867,VENUS
868,WALLACE
869,BECKY
870,BESSIE
871,CHIEF
873,COLBY
874,DARBY
876,DESI
877,ELEANOR
878,FLOYD
880,FRECKLES
881,HAILEY
882,ICE
883,INDIE
884,JERSEY
885,KAYA
886,KEIKO
887,KODY
888,LEON
889,LEONARDO
890,LOLITA
892,MACY
893,MARY
894,MOSES
895,NELLY
896,NEO
897,NUGGET
898,PICKLE
899,SABLE
900,SABRINA
901,SAMPSON
902,SPEEDY
903,TAFFY
904,TERRY
905,TRINITY
906,ARI
907,ARTHUR
908,BIBI
909,BIG
910,BIJOU
911,BROWNY
912,BRUISER
914,BULLY
915,BUZZ
916,CASHEW
917,CUTIE
918,DUNKIN
919,FLASH
920,GOOSE
921,JAMES
922,JULIET
923,KILO
925,LACY
926,LEAH
927,LOUISE
928,MARCUS
929,MILLY
930,NANA
931,OSO
934,PANCHO
935,PATRICK
936,PORKCHOP
937,PRESTON
938,REMI
939,ROMAN
941,ROO
943,ROY
944,SCARLET
945,SPIRIT
947,SUSHI
949,SUZY
950,TESSA
951,VINNY
952,ARCHER
953,AURORA
954,BARLEY
955,BRANDO
956,BRONX
957,CECE
958,CLANCY
959,CUPID
960,DARCY
961,DEWEY
962,DODGER
963,FENDI
964,JETT
965,JEWEL
966,JOHN
967,KITTY
968,LIAM
969,LOBO
971,MAISY
972,MEEKO
973,MONKEY
974,RANDY
976,RIVER
977,SCOTTY
978,SHERMAN
979,SKIPPER
981,SWEET
983,TREVOR
985,TWINKIE
986,VALENTINA
987,VITO
988,AGNES
989,AJAX
990,ALBERT
991,ALLY
992,AVERY
994,BACON
997,BENTLY
998,BOSS
999,BROOKE
1000,CARA
1002,CHRISSY
1003,CHULO
1004,CRICKET
1005,ECHO
1006,FANCY
1007,FRANCES
1008,GORDO
1009,JAMIE
1010,KATO
1012,LEROY
1013,LIBERTY
1014,LUPE
1015,MANGO
1016,MARCO
1017,MEMPHIS
1018,MICHAEL
1019,MICKY
1020,MITZI
1021,MOBY
1022,MONTE
1024,NASH
1025,OAKLEY
1026,SAMMI
1027,SHEILA
1028,STORMY
1029,TAMMY
1030,TROOPER
1031,WESLEY
1032,WYATT
1033,YOYO
1034,ALI
1035,ARIES
1036,ARLO
1037,BATMAN
1038,BRODIE
1042,CARAMEL
1044,CHUBBY
1045,CORKY
1046,DARWIN
1047,DIZZY
1048,ELSIE
1049,FRANCIS
1050,JULIUS
1051,KEVIN
1052,KYLIE
1053,LARRY
1055,LEXY
1056,MARSHMALLOW
1057,MEI
1058,MIKE
1060,NATASHA
1061,PEGGY
1062,PIERRE
1063,PIXEL
1064,PRIMO
1065,PUCCI
1066,SKYLER
1067,TITUS
1068,TJ
1069,VADER
1070,ABBIE
1073,ADDIE
1074,ALEXANDER
1075,ANNA
1076,BALTO
1077,BANE
1078,BARBIE
1079,BEANIE
1080,BLIZZARD
1081,BOGART
1082,BONITA
1083,BUCKY
1085,CASSIDY
1086,CEASAR
1087,CHOLE
1088,CLARK
1089,CORA
1090,DINGO
1091,DIOR
1092,EVIE
1094,GINA
1095,JAVA
1096,JELLY
1097,JILL
1098,JINX
1099,JUSTICE
1100,JUSTIN
1101,LEXUS
1102,LIZZY
1103,LUCILLE
1105,MATTIE
1106,MAVERICK
1107,NENE
1108,NERO
1109,NOODLE
1110,OBI
1111,PAULIE
1112,PEDRO
1113,PRADA
1115,PRESLEY
1117,SAMI
1118,SIERRA
1119,TRAVIS
1120,TRUFFLES
1121,TY
1122,VINCENT
1123,WILEY
1124,WILLIAM
1125,ZACHARY
1127,ZARA
1128,ZOOEY
1129,ALVIN
1130,ARES
1131,BEANS
1132,BEAUREGARD
1134,BOGEY
1135,CHAUNCEY
1137,CHILI
1138,CHINO
1139,CLIFFORD
1140,DEUCE
1141,DUDE
1142,ELIZABETH
1143,FOX
1144,HAMILTON
1145,HENNY
1146,HUCKLEBERRY
1147,IVORY
1148,KIKO
1149,KOBY
1150,LEX
1151,MAUI
1152,MELODY
1153,MINA
1154,NIKITA
1155,ORION
1156,PERLA
1157,PJ
1158,POTATO
1159,RADAR
1160,RAISIN
1161,SANDI
1162,SARGE
1163,SHAKIRA
1164,SILVER
1165,SPUNKY
1166,TOBEY
1167,TOFFEE
1168,TRUFFLE
1169,WAFFLES
1170,WHITEY
1172,ARYA
1174,ATLAS
1175,AUGGIE
1176,BAGEL
1177,BJ
1178,BLEU
1179,BOOGIE
1180,CHAMPION
1181,CHESTNUT
1182,CHEYENNE
1183,CICI
1184,CLARA
1185,CONAN
1187,CROSBY
1189,CURLY
1190,DULCE
1191,EDIE
1193,EMMIE
1194,FUDGE
1195,GABRIEL
1196,GAMBIT
1197,GARY
1198,GOLIATH
1199,GORDON
1200,GOTTI
1201,GRIZZLY
1202,GWEN
1203,HUCK
1204,INDIA
1205,JANE
1206,JAZMINE
1208,JENNA
1209,JESSICA
1210,JEZEBEL
1211,KENYA
1213,KHALEESI
1214,LEXINGTON
1215,MAMBO
1216,MARCELLO
1217,MARIO
1218,MARTIN
1219,MARVIN
1220,MEATBALL
1221,MO
1222,NINJA
1223,NITRO
1224,PAISLEY
1225,PATCH
1226,PELUCHE
1227,PEYTON
1228,PRETTY
1229,PRINCESA
1230,PUGSLEY
1231,QUEEN
1232,REBEL
1233,ROBBIE
1234,SAILOR
1235,SAKE
1236,SEVEN
1237,SPIKEY
1238,TABITHA
1239,TEQUILA
1240,TIA
1241,TOBBY
1242,TOM
1243,TRUMAN
1244,TURBO
1245,TUX
1246,VALENTINE
1248,ZERO
1249,ZUZU
1250,ASH
1251,BEATRICE
1252,BERT
1253,BOLT
1254,BRADLEY
1255,BUCKLEY
1256,CALEB
1257,CHIQUI
1259,COSITA
1260,CUJO
1261,DAX
1262,DOC
1263,DOG
1264,DOUGLAS
1265,FLYNN
1266,FRANNY
1268,GERTRUDE
1269,HENDRIX
1270,HENRI
1271,HERA
1272,JACQUES
1273,JAGGER
1274,JASON
1275,JUDY
1276,JUICY
1277,KASEY
1278,KC
1279,KOBI
1280,KODI
1282,LATTE
1283,LEA
1284,LEE
1285,LILAH
1288,LUCIA
1289,MARCEL
1290,MELLO
1291,MIKO
1292,MISO
1293,MONSTER
1294,MOZART
1295,OPHELIA
1296,OSKAR
1297,OWEN
1299,PATSY
1301,PATTY
1302,PRINCESSA
1303,RALEIGH
1304,REMINGTON
1305,ROCK
1306,SAKI
1307,SHELLY
1308,SKITTLES
1309,TOBIAS
1310,TOFU
1311,TONKA
1312,TUCK
1313,TWIGGY
1314,VANILLA
1315,WOLFIE
1317,AGGIE
1318,BABE
1319,BAMBAM
1320,BARRY
1321,BILL
1322,BODIE
1323,BOLO
1324,BOWSER
1325,CANELA
1326,CARMELO
1327,CASSIUS
1328,CHULA
1330,CHYNA
1331,CLOUD
1332,CORY
1333,GIO
1334,GOOFY
1335,HALEY
1336,HARLOW
1337,HERBIE
1338,HERMAN
1339,HOBBES
1340,IKE
1341,IRIS
1342,ISABEL
1344,JAXSON
1345,JEFFREY
1346,JUJU
1347,JULIETTE
1348,KATE
1349,KENNY
1352,LORENZO
1353,MAIA
1354,MARSHALL
1355,MOO
1356,MUNCHIE
1357,NIA
1358,PERRY
1359,PIPPI
1361,REBA
1362,ROBIN
1363,ROLO
1364,ROONEY
1365,SIENNA
1367,SOLO
1368,SULLY
1369,TANNER
1370,TATER
1371,TESLA
1373,WILLA
1374,WISHBONE
1375,ZACH
1377,AMELIA
1378,ANTHONY
1379,ARGOS
1380,ARROW
1381,BARNABY
1382,BESS
1383,BITSY
1384,BOGIE
1385,BONES
1386,BREWSTER
1388,BRIAN
1389,BUCK
1390,CHEECH
1391,CHOPPER
1393,COWBOY
1394,CUBBY
1395,CYRUS
1397,DOUG
1398,DUCKY
1399,EDGAR
1400,ELMO
1401,FRANKY
1402,GINNY
1403,GIOVANNI
1404,GUNTHER
1405,HARLEM
1406,HIRO
1407,HOWIE
1408,JETHRO
1409,JO
1411,JOSHUA
1412,JUNIPER
1413,KAYLEE
1414,KENJI
1415,KILLER
1416,LINK
1417,LUCIE
1419,LUKAS
1420,MAGNOLIA
1421,MAXIMILIAN
1422,MAXIMO
1424,MIRACLE
1425,MONTANA
1426,NEWTON
1427,NIKA
1428,OMAR
1429,PANDORA
1430,PEPITO
1431,PICASSO
1432,PONCHO
1434,PRISCILLA
1435,RAMONA
1436,REINA
1438,RICHIE
1440,RIGBY
1441,RITA
1442,SCHATZI
1443,SHANTI
1444,SHEENA
1445,SIRIUS
1446,THE
1447,TRACY
1449,TRIGGER
1450,TUFFY
1451,UNO
1452,VEGAS
1453,WENDY
1454,WOLFGANG
1455,ZORA
1458,ANASTASIA
1460,ARTEMIS
1461,BANKS
1462,BEBA
1463,BECKETT
1464,BEE
1467,BENNETT
1468,BODE
1469,BRANDON
1470,BUSTA
1471,CHACHI
1472,CHAI
1473,CHE
1474,CHIPPER
1475,CHUCKIE
1476,DIDI
1478,DILLON
1479,DORI
1480,DOT
1481,DUBLIN
1482,EARL
1483,EGYPT
1484,ETHEL
1485,EVE
1486,FARRAH
1487,FLORA
1488,FREYA
1489,GIBSON
1490,GOGO
1491,GRETCHEN
1492,HAYLEY
1493,HEATHER
1495,KAHLUA
1496,KATY
1497,KELSEY
1499,KIMCHI
1500,LASSIE
1501,LEYLA
1502,LILLIE
1503,LIZA
1504,LOLO
1505,LOTTIE
1506,LOVE
1507,LUCKIE
1508,MAGNUS
1509,MALCOLM
1510,MARTHA
1511,MAXAMILLION
1512,MELANIE
1513,MILAN
1514,MILKY
1515,NIKE
1516,NUNU
1518,PICO
1519,PINTO
1520,PONGO
1521,POOH
1522,PORK
1523,POTTER
1524,PUMA
1525,ROGUE
1526,ROSEY
1527,RUCKUS
1528,RUFFLES
1529,SANCHO
1530,SANTINO
1531,SCOTTIE
1533,SHAY
1534,SHIBA
1535,SISI
1536,SPARKLES
1537,STERLING
1538,STEVE
1539,STONE
1540,SUNDANCE
1541,SUSY
1542,TED
1544,TESSIE
1545,TIPPY
1546,TWIX
1547,VIVIAN
1548,WHITNEY
1549,ZSA
1550,AKIRA
1551,ALBIE
1552,ANDREW
1553,ARNOLD
1554,BELA
1555,BENNIE
1556,BERNARD
1558,BERTIE
1559,BLOSSOM
1561,BOOKER
1562,BRIDGET
1563,BRITNEY
1564,CALYPSO
1565,CANNOLI
1566,CARL
1567,CARLOS
1568,CARSON
1569,CHARLI
1570,CHISPITA
1571,CHUNK
1572,CLIO
1573,DANA
1574,DANGER
1575,DEAN
1576,DEMPSEY
1577,DIANA
1579,DORY
1580,DOZER
1581,DR.
1582,EDDY
1583,ELLIOT
1584,ERNEST
1585,FANNY
1586,FLETCHER
1587,FLOPPY
1588,FREDO
1589,FRENCHIE
1591,GLORIA
1592,GREY
1593,HAMLET
1594,HAROLD
1595,HARPO
1596,HERMES
1597,HERO
1599,JOLENE
1600,JULES
1602,JUPITER
1603,KASPER
1605,KIARA
1606,KRYPTO
1607,LANCE
1608,LEMON
1609,LENA
1611,LILLI
1612,LORD
1613,LUCI
1614,MACKENZIE
1615,MAEBY
1617,MALI
1618,MARIE
1619,MARTINI
1620,MAVIS
1621,MILOU
1625,MILTON
1626,MING
1627,MINGUS
1628,MONROE
1629,MS.
1630,NEKO
1631,NESSA
1632,NIKI
1633,NUTELLA
1634,OATMEAL
1635,OLAF
1636,OSLO
1637,PADDY
1638,PEPPY
1640,PETRA
1641,POPEYE
1642,PUDGE
1644,REDD
1645,REUBEN
1647,RICHARD
1648,ROSA
1649,ROSEBUD
1650,SEYMOUR
1651,SHAMROCK
1652,SHEEBA
1653,SHIRLEY
1654,SIMONE
1655,SKEETER
1656,SKIP
1657,SONIC
1658,SPARKEY
1659,SPICE
1660,SPOTTY
1661,SQUIRT
1663,SUNDAE
1664,SYLVIE
1665,TIKA
1667,TIMBER
1669,VICKY
1671,WEBSTER
1672,WELLINGTON
1673,WICKET
1674,WILLIS
1675,XANDER
1676,ZOLA
1677,ZULU
1678,ADAM
1679,ADELAIDE
1680,ALABAMA
1681,ALMA
1682,ANGELO
1683,APACHE
1684,ARMANI
1685,ASTOR
1686,BABETTE
1687,BART
1688,BEBO
1689,BECKHAM
1690,BELLO
1691,BOOBOO
1692,BREE
1693,BROCK
1694,BROOKS
1695,BUBU
1696,BUG
1697,CAIRO
1698,CHARLEE
1699,CHIPS
1700,CHIQUITO
1701,CHRISTMAS
1702,CHUBBS
1703,CHUY
1704,COAL
1706,COLIN
1707,DIGBY
1708,DINKY
1709,DOROTHY
1710,DRAKE
1712,EDITH
1715,EEVEE
1716,ETHAN
1717,FENWAY
1718,FERGIE
1720,FERGUS
1721,FIDEL
1722,FRANCESCA
1724,FRISCO
1725,GUAPO
1726,HANA
1727,HANNA
1728,HARRIET
1729,HAZE
1730,HOGAN
1731,HUXLEY
1732,ISAAC
1733,IZZIE
1734,J
1735,JINGLES
1736,KACEY
1737,KIBA
1738,KIMBA
1739,KOA
1740,KUSH
1741,KYRA
1742,LENNON
1743,LENOX
1744,LEONA
1745,LEONIDAS
1746,LIA
1747,LORETTA
1748,MARBLE
1749,MARLEE
1750,MARS
1751,MASSIMO
1752,MAURICE
1753,MAXIMILLIAN
1754,MICK
1755,MONEY
1756,MOWGLI
1757,MUSCLES
1758,MYRTLE
1759,NANO
1760,NEGRITA
1761,NEPTUNE
1762,NICKI
1763,NORI
1764,NORTON
1765,OZ
1766,PADDINGTON
1768,PAX
1769,PAYTON
1770,PELUCHIN
1772,PEPPA
1773,PETIE
1774,PIA
1775,PLATO
1776,POKEY
1777,PORTER
1779,PRUDENCE
1780,PUDDING
1781,RACHEL
1782,RAJA
1783,RAY
1785,RIZZO
1786,ROSY
1787,ROYAL
1788,RUGBY
1789,RUSSEL
1790,RUTHIE
1791,SACHA
1792,SACHI
1794,SAPPHIRE
1795,SERGEANT
1796,SHADY
1797,SHANA
1798,SHELDON
1799,SMOKE
1800,STACY
1801,STARR
1802,SYMBA
1803,TAINA
1804,TARO
1805,TATE
1806,TERRA
1807,TILLIE
1809,TULIP
1810,TUXEDO
1811,UNKNOW
1812,VICTOR
1813,WALKER
1814,WIGGLES
1815,YUMI
1817,ZIPPY
1818,ADDISON
1820,AMANDA
1821,AMOS
1822,ANUBIS
1824,BAMBINO
1825,BARCLAY
1826,BB
1827,BEAST
1828,BEETHOVEN
1829,BERRY
1830,BORI
1831,BRIANNA
1832,CAMPBELL
1833,CANDI
1834,CAPPY
1836,CARMEN
1837,CASHMERE
1838,CECIL
1840,CHANDLER
1841,CHAOS
1842,CHAZ
1843,CHOMPERS
1844,CHOWDER
1845,CHRISTOPHER
1846,CLAIRE
1848,CONNOR
1850,DEACON
1851,DEMI
1852,DEREK
1853,DOLLAR
1854,DOUGIE
1855,DUMBO
1856,DUTCHES
1857,ELMER
1858,ELWOOD
1859,EMME
1861,EMMETT
1862,EUGENE
1863,FIDO
1865,FITZGERALD
1867,FORREST
1868,FRANNIE
1869,FUZZY
1870,GEM
1871,GERTIE
1873,GIORGIO
1874,GISELLE
1875,GOOBER
1877,GRADY
1879,GRAHAM
1880,GRAYSON
1881,GUY
1882,HANDSOME
1883,HANS
1884,HARRISON
1885,HECTOR
1886,HELEN
1887,HOUDINI
1888,HOWARD
1889,HULK
1890,J.J.
1892,JEDI
1893,JEFFERSON
1894,JODY
1895,JONES
1897,JUDE
1898,KNIGHT
1899,KOOKIE
1900,KOSMO
1901,KRYSTAL
1902,LACI
1903,LEELA
1904,LEGEND
1905,LESTER
1906,LISA
1907,LLOYD
1908,LU
1910,LUCCA
1911,LULUBELLE
1913,LUTHER
1914,LYRIC
1915,MAGNUM
1916,MARK
1917,MARLOWE
1918,MAUDE
1919,MAXY
1920,MERCEDES
1921,MICA
1922,MICHELLE
1924,MJ
1925,MOJITO
1926,MOON
1927,MRS.
1928,MUNSON
1930,NADIA
1931,NAHLA
1932,NANCY
1933,NAYA
1934,NELL
1936,NEWMAN
1938,NICHOLAS
1939,NILES
1940,OONA
1942,OPAL
1943,P.J.
1944,PAL
1946,PAPA
1947,PASHA
1948,PATRON
1949,PEACH
1951,PEEWEE
1952,PELUSA
1953,PEPPERMINT
1954,PHILLY
1955,PICCOLO
1957,PIGLET
1958,PINK
1959,PITA
1960,PITO
1961,POPO
1962,PRECIOSA
1963,PUFF
1964,Q
1965,REGINA
1966,ROCKIE
1967,ROVER
1968,ROWDY
1969,ROXI
1970,RUE
1971,SAMUEL
1972,SCOTCH
1973,SEAN
1974,SHAMUS
1975,SHERA
1976,SHIVA
1977,SHYLA
1978,SILKY
1979,SNOOKIE
1980,SUMO
1981,TARZAN
1982,TASHI
1983,TICO
1984,TIMOTHY
1985,TONI
1986,TORI
1987,TORO
1988,TOSCA
1989,TRUDY
1990,ULYSSES
1991,WAFFLE
1992,WANDA
1993,WEEZY
1994,WYLIE
1995,ZIVA
1996,ABE
1997,AGATHA
1998,ALFRED
1999,ALLEY
2000,AMIGO
2001,ARIA
2002,ARTIE
2003,ASHER
2004,ASTA
2005,BAKER
2008,BAM-BAM
2009,BEATRIX
2010,BENGI
2011,BINDI
2012,BINKY
2013,BONGO
2014,BOSTON
2015,BREEZE
2016,BUBBY
2017,BUDDIE
2018,CALLI
2019,CANELO
2020,CAPO
2021,CARAMELO
2022,CARMINE
2023,CARRIE
2024,CC
2025,CEASER
2026,CHAMPAGNE
2027,CHARCOAL
2028,CHIPPY
2029,CHRIS
2030,CINDERELLA
2031,CISCO
2032,CLARENCE
2033,COLTRANE
2034,COURAGE
2035,CURTIS
2036,DAHLIA
2037,DASHA
2038,DAVID
2039,DEX
2041,DICE
2042,DILLINGER
2043,DON
2045,DOODLE
2047,FARLEY
2048,FAWN
2050,FERN
2051,FIG
2053,FIGARO
2057,FLEX
2058,FOXXY
2059,FOZZIE
2060,FRODO
2061,GABRIELLA
2062,GABRIELLE
2063,GABY
2064,GAVIN
2065,GENERAL
2066,GERONIMO
2068,GODIVA
2069,GODZILLA
2070,GRETEL
2071,GRINGO
2072,GROVER
2073,HACHIKO
2074,HAZELNUT
2075,HURLEY
2077,IGBY
2078,JAXON
2080,JIM
2081,JOLIE
2082,JR
2083,JULIA
2084,KERRY
2085,KINGSLEY
2087,KNUCKLES
2088,KODIAK
2089,KOKI
2090,KRAMER
2091,KYLE
2094,LADDIE
2095,LAZARUS
2096,LEELOO
2097,LICORICE
2098,LUDWIG
2099,MADDEN
2100,MALA
2101,MANOLO
2102,MARSHMELLOW
2103,MATEO
2104,MATTY
2105,MAZIE
2106,MCDUFF
2108,MEEKA
2109,MEGAN
2110,MEL
2111,MELI
2113,MELLOW
2114,MELVIN
2115,MIDNITE
2117,MIRANDA
2118,MISIU
2119,MITZY
2120,MOPSEY
2121,MORTIMER
2122,MUFFY
2123,NATE
2124,NED
2125,OBIE
2126,OSITO
2127,PAIGE
2128,PALOMA
2130,PEE
2133,PERLITA
2134,PHEOBE
2136,POCO
2137,PORSCHE
2138,PRINCETON
2139,PUCHI
2140,RABBIT
2142,RAYMOND
2144,REAGAN
2145,REMUS
2146,ROCKEY
2147,ROMY
2148,RONAN
2149,ROOKIE
2150,RYAN
2152,SALSA
2153,SANTANA
2154,SEXY
2155,SHILO
2156,SHY
2158,SMOKIE
2159,SNOPPY
2160,SONIA
2161,SUZI
2162,SWEETY
2163,TAZZ
2164,TEDDIE
2165,TEX
2166,TINK
2167,TINKA
2168,TREY
2169,TRINA
2170,TRISTAN
2171,VERA
2172,VITA
2173,WHISKY
2174,WHISPER
2175,WILL
2176,WIZARD
2177,ZAK
2178,ZEPHYR
2179,ZION
2180,ZOIE
2181,AALIYAH
2182,AARON
2183,ADA
2184,ADONIS
2186,AGENT
2187,AIDEN
2188,ALICIA
2189,ALPHA
2190,ANGELA
2191,ANNABELLA
2192,ANYA
2193,BADGER
2194,BAILEE
2195,BAMBOO
2197,BEASLEY
2198,BENITO
2200,BENJIE
2202,BERKELEY
2203,BLACKJACK
2204,BLAISE
2205,BLITZ
2206,BOBBIE
2207,BOOBIE
2208,BOONE
2209,BREEZY
2211,BRIDGETTE
2212,BRIE
2213,BRINKLEY
2214,BRISCOE
2215,BRISKET
2216,BRONSON
2217,BROWN
2218,BURGER
2219,CAMERON
2220,CAMILO
2221,CARLITO
2222,CARLTON
2223,CASSANDRA
2224,CECELIA
2225,CECILIA
2226,CHACHA
2227,CHAPLIN
2228,CHAPO
2229,CHAVO
2230,CHERI
2231,CHI-CHI
2232,CHICKEN
2233,CHILLI
2234,CHUCHI
2235,CHUCHO
2236,CIARA
2237,CLAUDE
2238,CLOE
2240,CLUE
2241,CODI
2242,COLA
2243,COQUITO
2244,CORNELIUS
2245,CREAM
2246,CUTTER
2247,DAISEY
2248,DAMIAN
2249,DANIEL
2250,DEJA
2251,DENIM
2252,DENVER
2253,DERBY
2254,DESMOND
2255,DIXON
2257,DRAMA
2258,ELIZA
2259,EMI
2260,EVEREST
2261,FABIO
2262,FAYE
2263,FERDINAND
2264,FERRIS
2265,FOSTER
2266,FRASIER
2268,FREYJA
2269,GENESIS
2270,GIDEON
2271,GIOIA
2272,GIUSEPPE
2273,GOLDY
2274,GOMEZ
2275,GRANT
2276,GROMIT
2277,GULLIVER
2278,HADLEY
2279,HALLE
2280,HARMONY
2282,HATTIE
2283,HELGA
2284,HOLLYWOOD
2286,HOOCH
2287,HORATIO
2288,HUEY
2289,HUTCH
2290,IRVING
2291,IVAN
2292,JAXX
2293,JEAN
2294,JED
2296,JEWELS
2297,JILLY
2298,JIN
2300,JINGLE
2301,JONAH
2302,JOSEPHINE
2303,KAMI
2304,KAOS
2305,KARL
2306,KEIRA
2307,KENNEDY
2308,KERMIT
2309,KIPPER
2310,KISMET
2311,KISSES
2312,KITA
2313,KNOX
2314,KONG
2315,LA
2316,LEGO
2317,LEOPOLD
2318,LEVON
2319,LINA
2320,LINDSAY
2321,LINDY
2322,LITA
2323,LOVELY
2324,LUX
2325,MABLE
2326,MACIE
2327,MACKIE
2328,MADDOX
2329,MADELEINE
2330,MAKI
2331,MARBLES
2332,MARGOT
2333,MARIA
2335,MARLO
2336,MASHA
2337,MAXIMILLION
2338,MAZZY
2339,MICAH
2340,MILLI
2341,MIYA
2342,MOCA
2344,MOKA
2345,MORRIS
2347,MUNECO
2348,MUSHU
2349,MYLES
2350,MYSTIC
2351,NALU
2352,NAME
2353,NEGRA
2355,NIBBLES
2356,NILA
2357,NUTMEG
2358,NYA
2359,OCEAN
2360,PANCAKE
2361,PATTI
2362,PEPA
2363,PERSEUS
2364,PHINEAS
2365,PHYLLIS
2366,PIKACHU
2367,PILOT
2368,POM
2371,PUDDIN
2372,PUDGY
2373,RENO
2374,RICKI
2376,RJ
2377,ROSS
2379,RUDI
2380,RYE
2381,RYLEE
2382,SABA
2383,SAMBUCA
2384,SATCHMO
2385,SCHATZIE
2386,SCOTT
2387,SERENITY
2388,SESAME
2389,SHAKA
2390,SHEP
2391,SHERRY
2394,SHORTIE
2395,SID
2396,SINATRA
2397,SISSY
2398,SLIM
2399,SLINKY
2400,SOFI
2401,SOX
2402,SPLASH
2403,SPOCK
2404,SPORT
2405,SPROCKET
2406,SPROUT
2407,STARBUCK
2408,STEVEN
2409,STRETCH
2410,SUPER
2411,SUSSY
2412,SWEETPEA
2413,TAO
2414,T-BONE
2416,THELMA
2417,TIM
2418,TINKER
2420,TINKERBELLE
2421,TOAST
2422,TOMMIE
2423,TOOTIE
2424,TOPPER
2425,TOSHI
2427,TOY
2428,TREASURE
2429,TUCO
2430,TWINKLE
2431,WILLOUGHBY
2432,WINSLOW
2433,WONTON
2434,WOOKIE
2435,ZAZIE
2436,ZEN
2437,ZUES
2438,ABBOTT
2439,ABRAHAM
2440,ADDY
2441,ADRIAN
2442,AIDAN
2445,ALDO
2446,AMORA
2447,ANAKIN
2448,ANGELINA
2449,APPA
2450,ARABELLA
2451,ARNIE
2452,ASTRID
2453,BALOO
2454,BAO
2455,BEA
2456,BELL
2457,BETTE
2458,BILBO
2459,BISOUS
2461,BLANCO
2462,BLEECKER
2463,BLISS
2464,BOBA
2465,BOURBON
2466,BOW
2467,BRANDIE
2468,BRONCO
2471,BROOK
2472,BURBERRY
2473,BURT
2474,BUTTERSCOTCH
2475,C.
2476,CADBURY
2477,CALLY
2478,CAMILA
2479,CARLO
2480,CARROT
2481,CEE
2482,CEECEE
2483,CESARE
2484,CHEDDAR
2485,CHIBI
2486,CHOMPER
2487,CHOPS
2488,CHUMLEY
2490,CHUNKY
2491,CHURCHILL
2492,CHURRO
2493,CIELO
2494,CLINTON
2495,COACH
2496,CODIE
2497,CONNIE
2498,COOL
2499,CORONA
2500,CRISTAL
2502,CUBA
2503,DADDY
2504,DAGNY
2505,DALE
2506,DALIA
2507,DASHER
2508,DAVE
2509,DAVY
2510,DAWSON
2511,DEBBIE
2512,DEBO
2513,DEEDEE
2514,DENNIS
2515,DISCO
2516,DONNA
2517,DRAGON
2518,DREAM
2519,DUCK
2520,ECKO
2521,EFFIE
2522,ELIE
2523,ELLE
2524,EMMYLOU
2525,ESME
2526,ESPRESSO
2527,FARFEL
2528,FERNANDO
2529,FITZ
2532,FLIP
2533,FLORENCE
2534,FLOWER
2535,FONZIE
2536,FREDERICK
2537,FUJI
2538,GAGA
2539,GANDALF
2540,GENEVIEVE
2541,GIN
2542,GIRL
2543,GNOCCHI
2544,GRYPHON
2545,HADES
2546,HAMISH
2547,HAMPTON
2548,HARU
2549,HEMINGWAY
2551,HIGGINS
2552,HILLARY
2553,HOBIE
2554,HOOVER
2555,ISADORA
2556,JACKPOT
2557,JACKY
2558,JAGUAR
2559,JANET
2560,JAYJAY
2561,JAZZIE
2562,JD
2563,JEM
2564,JEREMY
2565,JETTA
2566,JIGGA
2567,JODI
2569,JOKER
2570,JOSH
2571,JULIO
2572,JUNEAU
2573,K.C.
2574,KANDY
2575,KANYE
2577,KARLA
2578,KAYCEE
2579,KHAN
2580,KIKA
2581,KIM
2582,KIMBO
2584,KIT
2585,KLAUS
2586,KOJI
2588,KOUKLA
2589,KRISSY
2590,LACIE
2591,LADYBUG
2592,LANCELOT
2593,LARA
2594,LAUREN
2595,LEFTY
2596,LEXA
2597,LIESL
2598,LIGHTNING
2599,LINDSEY
2600,LIONEL
2601,LIZ
2603,LORI
2605,LOULOU
2607,LOVEY
2608,MACARONI
2609,MAGGY
2610,MALO
2611,MAMAS
2612,MARGAUX
2613,MARGO
2615,MARLA
2616,MARLOW
2617,MARLY
2618,MEMO
2620,MERCY
2621,MESSI
2622,MIKI
2625,MILKSHAKE
2626,MILLER
2627,MINERVA
2628,MIRA
2629,MISHU
2630,MITTENS
2631,MOMMA
2632,MORENA
2633,MOUSE
2634,MOUSSE
2635,MS
2636,MUDDY
2638,MUFASA
2639,MULLIGAN
2640,MUNCH
2641,MYLA
2642,NAOMI
2643,NEGRITO
2644,NEVILLE
2645,NICA
2646,NICOLETTE
2647,NINI
2648,NOELLE
2649,NYX
2650,ODDIE
2651,OMEGA
2652,PAUL
2653,PAXTON
2654,PEBBLE
2655,PECAN
2656,PEPPINO
2658,PERSEPHONE
2659,PHANTOM
2660,PHIL
2662,PIGGY
2663,PINO
2664,PINOT
2665,PO
2666,POE
2667,POGO
2668,POP
2669,PORSCHA
2670,POSEY
2671,PRIMA
2672,PUDDLES
2673,PUGSY
2674,RAMSEY
2675,REBECCA
2676,REDFORD
2677,REGIS
2678,REMO
2679,REYNA
2680,RIGGINS
2681,ROLAND
2682,ROMULUS
2683,RONIN
2684,RONNIE
2685,ROOSEVELT
2686,ROWAN
2687,ROYCE
2689,RUBIA
2690,RUTH
2691,SAFFRON
2693,SALOMON
2694,SALTY
2695,SANDRA
2696,SARGENT
2697,SCHNITZEL
2698,SERENA
2699,SHAI
2700,SHARKY
2701,SHASTA
2702,SHIRO
2703,SKYY
2704,SMUDGE
2705,SNOWIE
2706,SOCHI
2707,SOCKS
2708,SORA
2709,SPARKIE
2710,SPARKS
2714,SPRING
2715,STEWART
2716,SUGA
2717,SYLVIA
2718,T.J.
2719,TALIA
2720,TALLY
2722,TALULAH
2723,TALULLAH
2724,TANYA
2725,TEDDI
2726,TEXAS
2727,TIBERIUS
2728,TIPPER
2729,TITA
2730,TOBIE
2731,TOSHA
2732,TUBBY
2733,TULLY
2735,TUPAC
2736,TURNER
2737,TYRION
2738,UMA
2739,URSULA
2742,VIDA
2743,VIENNA
2744,VINCE
2745,WALLE
2746,WASABI
2747,WAYLON
2749,WAYNE
2750,WES
2751,WOOFIE
2753,WOOFY
2754,WRINKLES
2755,XAVIER
2756,YAYO
2757,YUKON
2758,ADELINE
2759,AIKO
2760,AJA
2761,ALBUS
2766,ALEJANDRO
2767,ALLISON
2768,AMAYA
2769,ANDRE
2770,ANI
2771,ANNABEL
2773,AOIFE
2774,ARBY
2775,ATTILA
2776,AUBREY
2777,AUDI
2778,AVON
2779,AXL
2780,AYLA
2781,BABIE
2782,BAILEYS
2784,BAMBINA
2785,BANANA
2786,BANDIDO
2787,BARAK
2788,BARBARA
2789,BAYLEE
2790,BE
2793,BECCA
2794,BEEBEE
2795,BEIGNET
2796,BENEDICT
2800,BEVERLY
2801,BISMARCK
2802,BISOU
2803,BLADE
2804,BLAZER
2805,BOCA
2806,BONO
2808,BONSAI
2809,BOSLEY
2810,BOWERY
2811,BRAVO
2812,BRENDA
2813,BRIDIE
2814,BRIGGS
2815,BRITTANY
2816,BROOKLYNN
2817,BRUIN
2819,BUBBLE
2820,BUBI
2821,BUD
2823,BUDDAH
2824,BULL
2825,BUMPER
2826,BURRITO
2827,BUTTERFLY
2828,C.J.
2829,CABO
2830,CAGNEY
2831,CAL
2832,CAMDEN
2833,CANE
2834,CANO
2835,CAPER
2836,CARLIE
2838,CARMELA
2839,CASANOVA
2840,CASTIEL
2841,CASTRO
2843,CAT
2844,CAVALLI
2845,CECI
2847,CELESTE
2848,CHA
2849,CHA-CHA
2850,CHACO
2851,CHALUPA
2852,CHANNEL
2853,CHAP
2854,CHARLEMAGNE
2855,CHARO
2856,CHATO
2857,CHAZZ
2858,CHECKERS
2859,CHEERIO
2860,CHEF
2861,CHER
2862,CHEWEY
2863,CHIA
2865,CHIKO
2866,CHILLY
2867,CHOCOLAT
2868,CHOP
2869,CHULETA
2870,CHULITO
2871,CLOEY
2872,CLOUDY
2873,COLONEL
2874,COLT
2876,CONTESSA
2877,CORDELIA
2878,COSETTE
2879,COTTO
2880,CRASH
2881,D.J.
2883,DAFFY
2884,DAIZY
2886,DAMIEN
2887,DAVEY
2888,DAZY
2889,DEEBO
2890,DELLA
2892,DELPHI
2893,DEMON
2896,DENALI
2897,DENIRO
2898,DENNY
2899,DI
2901,DIDDY
2902,DINA
2903,DINAH
2904,DISEL
2905,DOBIE
2906,DOBY
2907,DODO
2908,DOGGY
2909,DOMINICK
2910,DONNIE
2911,DONOVAN
2912,DOODLES
2913,DOOLEY
2914,DOUDOU
2915,DUMPLING
2916,DYSON
2917,EASY
2918,ELECTRA
2919,ELIJAH
2921,ELLIOTT
2922,ELLY
2923,EMBER
2924,ENVY
2925,ERICA
2926,ESTRELLITA
2927,ETTA
2929,EVELYN
2931,EWOK
2932,EZEKIEL
2933,EZRA
2934,FANNIE
2936,FEFE
2937,FIEVEL
2938,FINCH
2939,FINNIGAN
2940,FOLLY
2941,FOXIE
2943,FRANCINE
2944,FRANZ
2945,FRAULEIN
2946,FREJA
2947,FRISKY
2948,FROST
2949,GADGET
2950,GASTON
2951,GAUCHO
2952,GENIE
2953,GG
2954,GIZZIE
2955,GOBI
2956,GRAY
2957,GRETZKY
2959,GUNNY
2960,HAN
2961,HARLAN
2962,HATCHI
2963,HAVANA
2964,HEAVEN
2966,HEINRICH
2967,HENLEY
2969,HENRIK
2971,HOLIDAY
2972,HOT
2973,HOUSTON
2974,HUBERT
2975,HUSKY
2976,IDA
2977,INDIGO
2978,INKY
2979,INU
2980,IRA
2981,JADEN
2982,JAVIER
2983,JAYDA
2984,JAYDEN
2985,JAYLA
2986,JELLYBEAN
2987,JEMMA
2989,JESS
2990,JESSY
2991,JESTER
2992,JILLIAN
2993,JOHNNIE
2994,JOHNY
2995,JONI
2996,JOSE
2998,JUBILEE
2999,JULIAN
3002,KAIYA
3003,KARA
3004,KASH
3005,KASHA
3006,KEITH
3007,KELEV
3008,KELLI
3009,KELSO
3010,KESHA
3011,KIMA
3012,KIMI
3013,KINO
3014,KISSY
3015,KIZZY
3016,KLONDIKE
3017,KODAK
3018,KOFI
3019,KOKOMO
3021,KOLA
3022,KOZMO
3023,KURO
3024,KYLEE
3025,LADYBIRD
3026,LAKOTA
3027,LALI
3028,LANDRY
3029,LEXIS
3030,LEXX
3031,LILLIAN
3032,LION
3033,LOCA
3034,LOLLY
3035,LOUISA
3036,LUC
3037,LUCIUS
3038,LUDO
3039,LUI
3040,LUIS
3041,MACI
3042,MAE
3043,MAI
3044,MAISON
3045,MAIZE
3046,MAJA
3047,MAO
3048,MARA
3049,MARCY
3050,MARNI
3051,MARNIE
3053,MASTER
3054,MATHIAS
3055,MATT
3057,MATTHEW
3058,MAYBE
3059,MCKENZIE
3060,MEADOW
3061,MEGATRON
3062,MELLIE
3064,MERCURY
3065,MERLE
3066,MERRY
3067,MI
3068,MICHAELA
3069,MIDAS
3070,MIKKA
3072,MILDRED
3073,MILI
3074,MIMOSA
3075,MITZIE
3076,MONICA
3077,MONK
3078,MOOMOO
3079,MOPSY
3080,MOXY
3082,MOZZARELLA
3083,MUGGSY
3084,MUI
3085,MULAN
3086,MUPPET
3088,MUSH
3089,NANOOK
3090,NATALIE
3091,NEENA
3092,NIBBLER
3093,NILLA
3094,NUALA
3095,NYMERIA
3096,OLI
3097,OSIRIS
3098,OTHELLO
3099,OTTER
3100,PAC
3101,PAM
3102,PANCAKES
3103,PAOLO
3104,PAPO
3105,PAULY
3106,PAXIL
3107,PEANUTS
3108,PEGASUS
3109,PENNE
3110,PEPI
3111,PERSIA
3112,PHEBE
3113,PHILIP
3114,PI
3116,PINKIE
3117,PIRATE
3118,PISCO
3119,PISTACHIO
3120,PORTIA
3121,POSIE
3123,POWDER
3124,PRICE
3125,PRIME
3126,PRISSY
3127,PUCCINI
3128,PUCHY
3129,PUMKIN
3130,QQ
3131,QUE
3132,RAFAEL
3133,RAFFI
3134,RAINA
3135,RAINBOW
3136,RAJAH
3137,RICARDO
3139,ROBERTA
3140,ROCKSTAR
3141,ROLLIE
3142,ROMA
3143,RON
3144,RONALD
3145,RONDO
3146,RUBI
3147,RUGGLES
3148,SAMBA
3150,SANTO
3151,SHANNON
3152,SHASHA
3153,SHOKO
3156,SHORT
3157,SILAS
3158,SISTER
3159,SKYLA
3160,SMILEY
3162,SMITH
3163,SMITTY
3164,SMOKY
3165,SNAPPLE
3166,SNIPER
3167,SOCRATES
3168,SOSA
3169,SPRINKLES
3170,SPRITE
3171,SPUD
3173,STAN
3174,STONEY
3175,STRIDER
3176,STUART
3177,SULLIVAN
3178,SULTAN
3179,SUPERMAN
3180,SUSAN
3181,SUSI
3183,SWEETHEART
3184,T
3185,TAI
3186,TEACUP
3187,TENNESSEE
3189,TEO
3190,TERRI
3191,TERROR
3192,TIKKA
3193,TIKO
3194,TODDY
3195,TOKYO
3197,TOPAZ
3198,TORY
3199,TOULOUSE
3200,TRICKY
3201,TRIPP
3202,TRIXY
3204,TUG
3205,TUNA
3206,TUTTI
3207,TYKE
3208,TYRA
3209,UGO
3210,UNA
3211,UNI
3214,UNKNOWED
3216,VEDA
3217,VEGA
3218,VESPER
3219,VICTORY
3220,VIOLA
3221,VIRGINIA
3222,WAGNER
3223,WALDO
3225,WEMBLEY
3226,WESTLEY
3227,WESTON
3229,WHITE
3230,WILMA
3232,WINDY
3233,WOODSTOCK
3234,XERXES
3235,YOKO
3237,ZAC
3238,ZAZA
3239,ZITI
3240,ZUKO
3241,ZUMA
3243,ZURI
3244,ACHILLIES
3245,AL
3246,ALAN
3247,ALASTAIR
3248,ALFA
3249,ALFALFA
3250,ALLEGRA
3251,ALMOND
3252,ALONZO
3253,AMADEUS
3254,AMELIE
3256,AMIR
3257,ANA
3258,ANABEL
3259,ANABELLE
3260,ANGELICA
3262,ANJA
3263,ANNABELL
3264,ANOUK
3265,APRICOT
3267,ARCHY
3268,ASHANTI
3269,ASHTON
3271,ASTER
3273,ASTON
3274,ATOS
3275,AUGUSTA
3276,AUSSIE
3277,AVALON
3278,AVI
3279,AZOR
3280,B
3281,BABS
3283,BALA
3284,BALBOA
3285,BALTHAZAR
3286,BAMBA
3287,BARTLET
3288,BECKER
3290,BEEMER
3291,BEI
3292,BENGIE
3293,BEOWULF
3294,BERTHA
3295,BETA
3296,BETH
3298,BETSEY
3300,BIANCO
3301,BIGI
3302,BING
3303,BIRKIN
3304,BIX
3306,BIXBY
3307,BLAIR
3308,BLAKY
3309,BLANCHE
3311,BLESSED
3312,BLUEBERRY
3313,BOBY
3314,BOCCE
3315,BON
3316,BOOTSY
3317,BRI
3318,BRIANA
3319,BRIGHTON
3320,BRILLO
3321,BRIT
3322,BRIXTON
3323,BRONTE
3325,BRUTIS
3326,BRYCE
3327,BUBA
3328,BUCKS
3329,BUDHA
3330,BUMBLE
3331,BUNK
3332,BUNNI
3333,BUSY
3334,BYRON
3335,C.B.
3336,CAINE
3337,CALIFORNIA
3338,CAMEO
3339,CAMILLE
3340,CANDIE
3341,CAPPUCCINO
3342,CAPRI
3343,CARLA
3344,CASINO
3345,CASPIAN
3346,CASS
3348,CATO
3350,CAYMAN
3351,CEDAR
3352,CEE-CEE
3353,CELIA
3354,CHAKA
3355,CHANGO
3356,CHASEY
3357,CHAUCER
3360,CHEETAH
3361,CHITA
3362,CHLOÉ
3363,CHOO
3364,CHRISTIAN
3365,CHU
3366,CHUCKLES
3367,CHUEY
3368,CINCO
3369,CINDER
3371,CIRO
3372,CIROC
3373,CLARICE
3374,CLAY
3375,CLIFF
3377,CLINT
3378,CLOVIS
3380,COBI
3381,COCA
3382,CODA
3383,COLETTE
3384,CONRAD
3385,COPA
3386,COTY
3387,COURTNEY
3388,CRACKER
3390,CRISSY
3391,CURRY
3394,CYPRESS
3395,DA
3396,DAENERYS
3397,DALTON
3398,DAME
3399,DANI
3400,DARIA
3403,DARLING
3404,D'ARTAGNAN
3405,DASHIELL
3406,DAUPHINE
3407,DAVINCI
3408,DAWN
3409,DEEJAY
3410,DEISEL
3411,DENA
3412,DHARMA
3414,DIEZEL
3415,DIGGY
3416,DIJON
3417,DILL
3418,DIMITRI
3419,DING
3420,DIPPER
3421,DITA
3422,DIVO
3423,DO
3424,DOMO
3425,DONALD
3426,DONUT
3428,DOOGIE
3429,DORIS
3430,DOU
3431,DREW
3432,DUFF
3433,DULCINEA
3435,DUSTIN
3436,ECLIPSE
3437,EDWIN
3438,EIN
3439,EL
3440,ELIOT
3441,ELY
3442,EMERSON
3443,EMILIO
3444,ERIN
3445,ESCO
3446,EVANGELINE
3447,EVY
3448,FALLON
3449,FANG
3451,FAUST
3452,FAY
3453,FIBI
3454,FIESTA
3455,FINBAR
3456,FIRE
3457,FLAPJACK
3458,FLO
3459,FORBES
3461,FOREST
3462,FRAN
3463,FRANCESCO
3464,FRANCO
3465,FRANKENSTEIN
3466,FREEDOM
3467,FREEWAY
3468,FRENCH
3469,FURBY
3470,GAIA
3471,GALAXY
3472,GARBANZO
3473,GARBO
3474,GEMINI
3475,GIBBS
3476,GILBERT
3477,GILDA
3478,GILLIAN
3479,GINGI
3480,GIOVANNA
3481,GIZZMO
3482,GLORY
3483,GOLDEN
3484,GORDA
3485,GORDY
3486,GREYSON
3487,GRIFF
3488,GUAI
3489,GUIDO
3490,GUILLERMO
3492,GUINESS
3493,GUM
3494,GUNNAR
3495,GUSSIE
3496,HABIBI
3497,HADDIE
3498,HALLIE
3499,HANSEL
3500,HAVOC
3501,HEATH
3502,HEATHCLIFF
3503,HENNESSEY
3504,HERSCHEL
3505,HERSEY
3506,HICCUP
3507,HONEYBUN
3508,HOOPER
3509,HOPPER
3510,HOPS
3511,IDGIE
3512,INEZ
3513,INGA
3514,ISLAY
3515,JARVIS
3516,JEANNIE
3517,JESSI
3518,JIMBO
3519,JOANIE
3520,JOBI
3521,JO-JO
3522,JORDY
3523,JUAN
3524,JUDAH
3525,JUDGE
3526,JULIETA
3527,JUMPER
3528,JUNEBUG
3529,KACY
3530,KAIRI
3531,KAIRO
3532,KAJA
3534,KAKA
3535,KALA
3536,KASHI
3537,KATNISS
3538,KEKE
3539,KEN
3540,KENAI
3541,KENO
3542,KENZI
3544,KENZIE
3545,KENZO
3546,KEPLER
3547,KETCHUP
3548,KHOLE
3549,KIA
3552,KIDDO
3553,KILLA
3554,KIMBERLY
3555,KIMMY
3556,KIMO
3557,KINA
3558,KITO
3559,KITSUNE
3560,KJ
3561,KOOPER
3562,KORY
3563,KRATOS
3564,KUBA
3565,KUBUS
3567,KUJO
3568,KUZYA
3569,KYA
3571,LAMBCHOP
3572,LANDON
3573,LATKE
3574,LAWRENCE
3575,LEILAH
3576,LELAND
3577,LELE
3578,LEONARD
3579,LESLIE
3580,LILLA
3581,LIO
3582,LIRA
3584,LIVVY
3585,LOK
3586,LOLLI
3587,LOOSIE
3588,LORELEI
3590,LOTUS
3591,LUA
3592,LUCKEY
3593,LUNDY
3594,LUPA
3595,LUPITA
3596,LUPO
3597,LYCHEE
3598,MACEY
3599,MACKEY
3600,MADAM
3601,MADONNA
3602,MAGDALENA
3603,MAGNET
3604,MAIZIE
3605,MAIZY
3607,MALCOM
3609,MALISH
3611,MALTA
3612,MANCHA
3613,MANU
3614,MARC
3615,MARGARITA
3617,MARGE
3618,MARIAH
3620,MARILYN
3621,MARISKA
3622,MARQUIS
3623,MARSHMELLO
3624,MASY
3625,MATTEO
3626,MATTINGLY
3627,MAXIM
3629,MAYBELLE
3630,MAYLA
3632,MCCOY
3633,MECCA
3634,MEIKO
3635,MELA
3636,MELISSA
3637,MELLY
3638,MIAH
3640,MICHELANGELO
3642,MIDGE
3643,MILK
3644,MIMZY
3645,MINKY
3646,MINNY
3647,MIO
3648,MISCHA
3649,MISCHIEF
3650,MITCHELL
3651,MOCCA
3653,MOHAWK
3654,MOKI
3655,MONEYPENNY
3657,MOONIE
3658,MORK
3659,MOSLEY
3660,MUGS
3662,MUMU
3663,MURIEL
3664,MYSTERY
3665,MYSTIQUE
3666,NARI
3667,NEFERTITI
3668,NEIKO
3669,NEIL
3670,NENO
3671,NERA
3672,NICOLE
3673,NIKKA
3674,NIMA
3675,NIRO
3676,NONE
3677,NOOKIE
3678,NUCKY
3679,NYAH
3680,OBERON
3681,OLIVIER
3683,OLLIVER
3684,OLYMPIA
3685,OMI
3686,ONIX
3687,OREA
3688,ORI
3689,ORLANDO
3690,ORVILLE
3691,OSITA
3692,OX
3693,PANCHITO
3694,PAPITO
3696,PAQUITO
3697,PATRIOT
3698,PEEPS
3699,PELE
3700,PEP
3701,PEPITA
3702,PEPPI
3703,PERCIVAL
3705,PIE
3706,PIKA
3707,PILLOW
3709,PIMP
3710,PIZZA
3711,POGI
3712,POLAR
3713,POODLE
3715,POOKA
3716,POPI
3717,PORTLAND
3719,PRETZEL
3720,PRIMROSE
3721,PRINGLES
3722,PUCHIE
3723,PUDGIE
3724,PUGGLES
3725,PUGGY
3726,PUGY
3727,PUMBA
3728,PUNK
3730,PUPI
3731,QUIGLEY
3732,RADIO
3734,RAFA
3735,RAFI
3736,RAGS
3737,RAIN
3739,RASTA
3740,RAZ
3741,RAZOR
3742,RAZZ
3743,RAZZLE
3744,REECE
3745,REGINALD
3747,REMSEN
3748,REPO
3750,REVIS
3751,REXY
3752,REY
3753,RHETT
3754,RHODA
3755,RICE
3756,RIDLEY
3757,RIESLING
3758,ROBERT
3759,ROBOT
3760,ROBYN
3761,ROC
3762,RODEO
3763,RODNEY
3764,ROLEX
3766,ROLLO
3767,ROMERO
3768,RONI
3770,RONNY
3772,ROOSTER
3773,ROSALIE
3774,ROSALITA
3775,ROSITA
3776,ROUX
3777,ROX
3778,RUMI
3779,RUSS
3780,RUSSIAN
3781,SAHARA
3782,SAKURA
3783,SAL
3784,SALEM
3786,SALVADOR
3787,SAN
3788,SANDIE
3789,SASA
3790,SASCHA
3792,SASHI
3793,SATO
3794,SAVANNA
3795,SCAMP
3796,SCARFACE
3797,SCOOP
3799,SEAL
3800,SEAVER
3801,SEDONA
3802,SELENA
3803,SERGIO
3804,SETH
3806,SHAINA
3807,SHAKESPEAR
3808,SHAKESPEARE
3809,SHEAMUS
3810,SHERU
3812,SHI
3813,SHOCKEY
3814,SHOOTER
3816,SIGMUND
3818,SIN
3819,SINDY
3820,SIRI
3822,SISCO
3823,SISSI
3824,SJ
3825,SLEEPY
3826,SLIDER
3827,SLY
3829,SMOOCHIE
3831,SMORES
3833,SNAP
3834,SNEAKERS
3835,SNOOKI
3837,SNUFFY
3839,SODA
3840,SOLEIL
3841,SOLOMON
3842,SONJA
3843,SOPHY
3844,SPAGHETTI
3846,SPARTA
3847,SPIDEY
3848,SPONGE
3849,SPOOKY
3850,SQUID
3851,ST.
3852,STANFORD
3853,STEINWAY
3854,STEWEY
3855,STICKER
3857,STOLI
3858,STORY
3859,STOUT
3860,STRYKER
3861,STUD
3862,STUEY
3863,SUE
3864,SUEDE
3865,SUNNIE
3867,SUPREME
3869,SURI
3870,SUZETTE
3872,SWAGGER
3873,SYLAR
3874,TABATHA
3875,TAKODA
3876,TALI
3877,TALISKER
3878,TAMARA
3879,TATI
3882,TAZZY
3883,TEEMO
3885,TERESA
3886,TERRIE
3888,THALIA
3890,THUMPER
3891,TICTAC
3892,TIGGA
3893,TILDA
3894,TILLEY
3895,TIPPI
3896,TIPSY
3897,TOASTY
3898,TOKEH
3899,TONTO
3901,TOOTS
3903,TOPSY
3904,TOSIA
3905,TRACEY
3906,T-REX
3907,TUGBOAT
3908,TURK
3909,TUZIK
3910,TWINKY
3911,TWO
3912,TYGA
3914,TYRONE
3915,UNCLE
3916,URSA
3917,VAL
3918,VALERIE
3919,VANNA
3920,VELVET
3921,VERSACE
3922,VERUCA
3923,VICKI
3924,VIRGIL
3926,VIVA
3927,WALNUT
3928,WEEZIE
3930,WENDELL
3931,WINKY
3932,WOLF
3933,WOLFY
3934,WON
3935,WONDER
3937,WONKA
3938,WOODROW
3939,YAYA
3940,YOFI
3941,YOLI
3942,YUCA
3943,YUGI
3944,YUM
3945,YUNA
3946,YURI
3947,ZADIE
3948,ZEENA
3949,ZEPPELIN
3950,ZILDJIAN
3951,ABI
3952,ABNER
3954,ADELE
3955,ADIDAS
3956,ADINA
3957,ADMIRAL
3958,AIKA
3959,AIMEE
3960,AINE
3961,AIRES
3962,AIYANA
3963,AJAY
3964,AKASHA
3965,AKIBA
3966,ALBEE
3967,ALEC
3968,ALEXANDRA
3969,ALEXIS
3970,ALFONSO
3971,ALFREDO
3972,ALISTAIR
3973,ALLEN
3974,ALLI
3975,ALOE
3977,ALPHY
3978,AMERICA
3979,AMI
3980,AMORE
3981,ANDERSON
3983,ANDI
3984,ANDIE
3985,ANGELIQUE
3986,ANITA
3987,ANNI
3988,ANTON
3989,AQUA
3991,ARCHIBALD
3992,ARCHIMEDES
3993,ARLEIGH
3994,ASHBY
3995,ATOM
3996,ATREYU
3997,AVALANCHE
3998,AXLE
3999,AZABACHE
4000,B.J.
4001,BABI
4002,BABKA
4003,BABOO
4005,BABYDOLL
4006,BACARDI
4007,BACCHUS
4008,BACIO
4009,BALDWIN
4010,BALI
4011,BAMBIE
4012,BAMM
4014,BANNER
4015,BARACK
4016,BARNUM
4017,BARONE
4018,BARRON
4019,BARTHOLOMEW
4020,BASTIAN
4021,BATI
4022,BAYLEY
4023,BAYMAX
4024,BAYOU
4025,BEAKER
4026,BEAMER
4027,BEAUMONT
4028,BEAUX
4029,BEBOP
4030,BE-BOP
4031,BECKA
4032,BEDFORD
4033,BEEF
4034,BEETLEJUICE
4036,BEHR
4037,BELKA
4038,BELLATRIX
4039,BELLINI
4040,BELVEDERE
4041,BENDER
4042,BENI
4043,BENNA
4044,BENTO
4045,BENZIE
4046,BENZO
4047,BERKLEY
4048,BERLIN
4049,BERNADETTE
4050,BERTRAM
4051,BESO
4052,BEYONCE
4054,BIBA
4056,BIFF
4058,BIGSBY
4059,BINX
4060,BISCOTTI
4061,BITTY
4062,BLACKBERRY
4063,BLANQUITA
4065,BLINKY
4066,BLONDI
4067,BOBBI
4069,BOE
4070,BOHDI
4071,BONBON
4072,BONE
4073,BONNEY
4074,BONY
4075,BOOM
4076,BOOMA
4077,BOOZER
4080,BOSCOE
4081,BOSSY
4082,BOUDIN
4083,BOUDREAUX
4085,BOUNCE
4087,BOWZER
4088,BOYD
4089,BRAD
4090,BRAVE
4091,BRAXTON
4092,BRISTOL
4093,BROGAN
4094,BUCA
4095,BUCKAROO
4096,BUCKIE
4097,BUGZY
4098,BULLETT
4099,BUNDY
4100,BUNKER
4101,BUSBY
4102,BUSH
4103,BUTCHIE
4104,BUTLER
4105,BUTTA
4106,BYSON
4107,C
4108,C.C.
4109,CAIN
4110,CAKE
4111,CALLIOPE
4112,CAM
4113,CANDACE
4114,CAOIMHE
4115,CARLEY
4116,CARLI
4117,CARLOTTA
4118,CARMEL
4119,CARMELLA
4120,CAROLINA
4121,CARTIER
4122,CARVER
4123,CARY
4124,CASSY
4125,CATHY
4126,CAYA
4127,CEDRIC
4128,CELINE
4130,CHARGER
4131,CHEERIOS
4132,CHELSY
4133,CHEROKEE
4135,CHESNEY
4137,CHEVY
4138,CHICKY
4139,CHIKI
4140,CHILLIE
4141,CHIN
4142,CHIPPIE
4143,CHIRO
4144,CHISPA
4146,CHRISTINA
4147,CHUBS
4148,CHUCHU
4150,CHUKI
4151,CHUPI
4152,CICCIO
4153,CILANTRO
4154,CLANCEY
4155,CLARABELLE
4156,CLETUS
4157,CLIPPER
4158,CO
4159,COBALT
4160,COKO
4161,COLUMBO
4162,COMANCHE
4163,CONOR
4164,COQUI
4165,CORALINE
4166,CORBIN
4167,COREY
4168,COUGAR
4169,COW
4170,COZMO
4171,CREAMY
4172,CREASY
4173,CRISTINA
4174,CUSHI
4175,CUYO
4176,CYNTHIA
4177,CYRANO
4178,CYRIL
4179,D
4180,DALI
4181,DALILA
4182,DALLY
4183,DAMON
4184,DANDY
4185,DAPPER
4187,DARREN
4188,DAYLE
4189,DAYO
4190,DEANA
4192,DEEGAN
4193,DEENA
4194,DELTA
4195,DENI
4196,DEVIN
4198,DEWIE
4200,DEZI
4201,DIO
4202,DIOGI
4203,DIONNE
4204,DIRK
4205,DOCTOR
4206,DODI
4207,DOLLIE
4208,DOLORES
4209,DOMINGO
4210,DOMINIC
4211,DOMINOE
4212,DONATELLA
4213,DONATELLO
4214,DONTE
4215,DORIAN
4216,DOTTY
4217,DOUBLE
4219,DOXIE
4220,DR
4221,DRACO
4222,DRAGO
4223,DRAKO
4224,DRE
4225,DREAMER
4227,DREAMY
4228,DREXEL
4229,DUCE
4230,DUKEY
4231,DUNE
4233,DUQUE
4234,E
4235,EBBE
4237,ED
4240,EDISON
4241,EDWARD
4244,ELIAS
4245,ELLEN
4246,ELLIS
4247,ELPHABA
4248,ELROY
4249,EMMET
4251,EMMIT
4252,EMMITT
4253,ERIC
4254,EROS
4255,ESMERELDA
4256,ESSIE
4257,ESTELLE
4259,ESTHER
4260,ESTRELLA
4261,EVITA
4262,EVO
4263,FALCON
4264,FATTY
4265,FEDOR
4266,FELICITY
4267,FENIMORE
4269,FENRIS
4270,FEZ
4271,FIDDLE
4272,FIFTY
4273,FIGGY
4275,FIJI
4276,FILO
4277,FINLAY
4278,FINNLEY
4280,FIREFLY
4281,FIVE
4282,FLEUR
4283,FLINT
4284,FLOPSY
4285,FLORIAN
4286,FLORIDA
4287,FLUFF
4288,FLY
4289,FOXI
4290,FOZZY
4291,FRANCIE
4292,FRANCOIS
4294,FRANKLYN
4295,FRAZIER
4296,FREUD
4297,FRISBEE
4298,FROG
4299,FROGGY
4300,FUFU
4301,FURY
4302,GABBANA
4303,GABBIE
4304,GABE
4305,GABI
4306,GAGE
4307,GALA
4308,GALE
4309,GANGSTER
4310,GANNICUS
4311,GASPER
4312,GATOR
4313,GAUGE
4314,GEE
4315,GENEVA
4316,GEORGETTE
4317,GEORGI
4318,GERDA
4320,GERRY
4322,GI
4324,GIANA
4325,GIBBY
4326,GILLY
4327,GINGERBREAD
4328,GINGERSNAP
4329,GIPPER
4330,GIRLFRIEND
4331,GIRLIE
4332,GODFREY
4333,GOKU
4335,GOLDA
4336,GORDIE
4337,GOSHA
4338,GOUDA
4339,GRACEY
4341,GREG
4342,GREMLIN
4343,GRIZZ
4344,GRYFFINDOR
4345,GUACAMOLE
4346,GUINEVERE
4347,GUMBO
4348,GURI
4349,GUSTAV
4350,GUSTAVO
4351,GWENDOLYN
4352,GYZMO
4353,HAGRID
4354,HAKU
4355,HALLEY
4356,HAMACHI
4357,HAMBONE
4359,HAMMER
4360,HANNIBAL
4361,HANZO
4362,HARDY
4363,HARLEE
4364,HARLIE
4365,HARRIS
4366,HARTLEY
4367,HAWKEYE
4368,HAYLEE
4369,HEFF
4370,HEFNER
4372,HENNEY
4373,HENRIETTA
4374,HERBERT
4376,HERMIE
4377,HERMIONE
4378,HERSHEL
4380,HERSHEYS
4381,HICKORY
4383,HIDEKI
4384,HILDY
4386,HIPPO
4387,HOBO
4388,HOLDEN
4389,HOLLAND
4391,HOLLIE
4392,HOLY
4393,HOMEY
4394,HONDA
4396,HORTON
4397,HOSHI
4398,HOSS
4399,HOVA
4400,HOWDY
4401,HUBBELL
4402,HUBBLE
4403,HUNNY
4404,HURRICANE
4405,HUSTLE
4406,IAN
4407,ICES
4408,IGGI
4409,IKA
4410,INDIO
4411,IRENE
4412,IRIE
4414,ISLA
4415,IVANA
4416,J.D.
4417,JABBA
4419,JACK-JACK
4421,JACKO
4422,JACKS
4423,JACO
4424,JACQUE
4425,JACQUELINE
4426,JACY
4427,JAG
4428,JAGER
4429,JAIDA
4430,JAK
4432,JAM
4433,JANGO
4434,JAWS
4435,JAXS
4436,JAY-JAY
4437,JC
4438,JEB
4439,JEFE
4440,JEFF
4442,JENNIFER
4443,JEROME
4444,JESSANDO
4445,JIBBAH
4446,JIGGY
4447,JOE-JOE
4448,JOLLY
4450,JORDIN
4451,JORGE
4452,JOSEPHINA
4453,JOVI
4454,JP
4455,JUANA
4456,JULEP
4457,JUNA
4458,JUNI
4459,KAIJU
4460,KAINE
4461,KALLIE
4462,KALUA
4463,KALY
4464,KANDI
4465,KANO
4466,KATANA
4467,KATHERINE
4468,KATHY
4469,KATRINA
4470,KAY
4471,KAYDEN
4472,KEEGAN
4473,KEISHA
4475,KELLEY
4476,KENDRA
4477,KENNA
4478,KENSINGTON
4479,KENTUCKY
4481,KERRI
4482,KEY
4483,KI
4484,KIBBLES
4485,KIDD
4486,KIP
4487,KIRIN
4488,KISS
4489,KITKAT
4490,KITT
4491,KIVA
4492,KLOE
4493,KOALA
4494,KOBA
4495,KOCOA
4496,KOKIE
4497,KONO
4499,KORA
4501,KORI
4502,KORRA
4503,KOTA
4505,KOTARO
4507,KRISTY
4508,KUBRICK
4509,KUKA
4510,KUKLA
4511,L.
4513,LADIE
4514,LAINEY
4515,LALY
4516,LANEY
4517,LANGSTON
4518,LANI
4519,LAPO
4520,LARK
4521,LARKIN
4522,LASKA
4523,LAYKA
4525,LAZARO
4526,LEILANI
4527,LELA
4529,LEMMY
4530,LETO
4531,LEWIE
4532,LEWIS
4534,LEYA
4535,LIEBE
4536,LIKA
4538,LINDEN
4539,LING
4540,LOCO
4541,LOLY
4542,LONGFELLOW
4543,LONNIE
4544,LUCHI
4545,LUCIANO
4546,LUCIFER
4547,LUDLOW
4548,LUFFY
4549,LULABELLE
4551,LULY
4552,LUSY
4553,LYRA
4554,MACABEE
4556,MACALLAN
4557,MACGUYVER
4558,MAESTRO
4559,MAEVE
4560,MAGDA
4561,MAILO
4562,MAKENA
4563,MALIBU
4564,MAMIE
4565,MANDEE
4566,MANDOO
4567,MANHATTAN
4569,MANYA
4570,MARGARET
4572,MARI
4573,MARJORIE
4574,MARKY
4575,MARLIE
4576,MAYZIE
4577,MAZI
4578,MEA
4579,MEG
4582,MEKA
4583,MELBA
4584,MELROSE
4586,MENACE
4587,MERLOT
4588,METRO
4589,MIAMI
4590,MICHA
4591,MIGGY
4592,MIGHTY
4593,MIGNON
4594,MIKAELA
4596,MIKY
4597,MILAGROS
4598,MILKIE
4600,MINGO
4601,MINIE
4603,MINKA
4604,MINY
4605,MIRO
4606,MIRU
4607,MISIA
4609,MISIO
4610,MISKA
4611,MISS.
4612,MISSIE
4613,MISTLETOE
4614,MITCH
4615,MITSY
4616,MODIGLIANI
4617,MOKIE
4618,MOKO
4620,MONET
4621,MONTAGUE
4622,MONTGOMERY
4623,MONTIE
4624,MONYA
4625,MOOCH
4627,MOONSHINE
4628,MOOSHOO
4629,MORITZ
4630,MORRISSEY
4631,MOTI
4632,MOTITA
4634,MUGSEY
4635,MUGZY
4636,MUÑECA
4637,MUNEKA
4638,MUSHY
4639,MUTLEY
4640,MUTTLEY
4641,MYSTI
4642,NAKITA
4643,NALLA
4644,NAMASTE
4646,NANDI
4648,NANI
4650,NANUK
4651,NASHVILLE
4652,NATURE
4653,NAUGHTY
4655,NAUTICA
4656,NAYLA
4659,NEEKO
4660,NEIGRITO
4661,NELA
4662,NELLA
4663,NEMA
4664,NESTA
4665,NESTLE
4666,NEW
4667,NICKIE
4668,NICOLAS
4669,NIKKY
4670,NIKOLAI
4671,NIKY
4672,NIPPER
4673,NIU
4674,NIUNIU
4675,NIXIE
4676,NIXON
4677,NOBLE
4678,NOCHE
4679,NONI
4680,NORMA
4682,NORTH
4683,NURA
4684,NUSHA
4685,OBAMA
4686,ODETTE
4687,ODY
4689,OGGI
4690,OKIE
4691,OLLY
4692,OOGIE
4693,OSA
4694,OSWALD
4696,OULCINEA
4697,PACINO
4698,PAKO
4699,PASQUALE
4700,PASSION
4702,PAT
4703,PATTON
4704,PAWS
4705,PEABODY
4708,PEEK-A-BOO
4709,PEETA
4710,PEETY
4711,PELHAM
4713,PENNEY
4714,PENNYLANE
4715,PEPINO
4716,PHARAOH
4718,PHEONIX
4719,PHILO
4720,PICCOLINA
4722,PIERCE
4723,PIG
4724,PIGGIE
4725,PINOCCHIO
4726,PIPI
4727,PIPO
4728,PIPPEN
4729,PIPPO
4730,PIPPY
4731,PISTOL
4732,PITCHER
4733,POCHI
4734,POCKET
4735,POKIE
4737,POLA
4739,POLKA
4740,POLLIE
4741,PONY
4743,POOCHY
4744,POOKY
4746,POPPA
4747,POPPI
4748,POSEIDON
4749,POUNCE
4750,PRANCER
4751,PRESCOTT
4752,PRESIOSA
4753,PRIM
4754,PROFESSOR
4755,PROMISE
4757,PRONTO
4758,PUCCA
4759,PUCHITO
4760,PUCHO
4761,PUDDY
4762,PUFFIN
4763,PUGSIE
4764,PUGSLY
4765,PULLO
4766,PUNKIN
4767,PUNKY
4768,PUP
4769,PUPA
4770,PUSHKIN
4771,PUZZLE
4772,QIU
4773,Q-TIP
4774,QUEENS
4775,QUEENY
4776,QUENTIN
4777,QUEST
4778,QUIN
4779,QUORRA
4781,RADISH
4782,RADLEY
4784,RAGU
4785,RAINDROP
4786,RAINER
4787,RALPHY
4788,RAMON
4790,RANGO
4791,RAQUEL
4792,RASPUTIN
4794,RAVIOLI
4795,RAYNE
4796,RAY-RAY
4798,REED
4799,REN
4800,RENATA
4801,REVEREND
4802,REXI
4804,REXIE
4805,RHONDA
4806,RIN
4807,ROB
4808,ROCHESTER
4809,ROCKWELL
4810,ROME
4811,ROMEY
4812,ROOFUS
4813,ROTHKO
4814,ROXXIE
4816,RUCA
4817,RUDOLPH
4818,RUXIN
4819,RYU
4820,SABER
4821,SABI
4822,SABINA
4823,SABINE
4824,SABRE
4825,SAGAN
4826,SAIGE
4827,SAINT
4828,SALLIE
4829,SALT
4830,SAMADHI
4831,SAMARA
4832,SAMURAI
4833,SAMWISE
4835,SAMY
4836,SANDWICH
4838,SANTA
4839,SANTIAGO
4840,SANTOS
4842,SAPHIRE
4843,SARABI
4844,SAUCY
4845,SAXON
4846,SCAR
4847,SCHROEDER
4848,SCUBA
4849,SCULLY
4851,SECRET
4852,SENNA
4853,SHABBA
4855,SHALOM
4856,SHANNY
4857,SHASHI
4859,SHAYLA
4860,SHINE
4861,SHINOBI
4862,SHLOMO
4864,SHOGUN
4865,SHUGGIE
4866,SIENA
4867,SINBAD
4868,SING
4869,SIR.
4870,SIRE
4871,SMILLA
4872,SNAPPY
4874,SNICKERDOODLE
4875,SNOOKY
4877,SNOWEE
4878,SNUGGLE
4879,SOHO
4880,SOL
4881,SOLDIER
4883,SONYA
4884,SPARKI
4885,SPARROW
4886,SPARTAN
4888,SPEEDO
4891,SPICEY
4892,SPOTS
4894,SPOTTIE
4895,SPUTNIK
4896,SPYKE
4897,SQUIGGY
4898,SRIRACHA
4899,STACI
4900,STACKS
4901,STARK
4902,STARSKY
4903,STEEL
4904,STEPHANIE
4905,STILES
4906,STRAWBERRY
4907,STYLES
4908,SU
4909,SUBWAY
4910,SUCHI
4911,SUKIE
4912,SULLEY
4913,SUNDAI
4916,SUZUKI
4917,SWEETNESS
4918,SWIPER
4919,SWITCH
4920,SY
4921,SYBIL
4922,SYMPHONY
4923,TABBY
4924,TACHE
4925,TAG
4926,TAHOE
4927,TAIKO
4928,TAKO
4929,TALL
4930,TALULA
4931,TAMY
4932,TANUKI
4933,TAQUITO
4934,TATO
4935,TATUM
4938,TAWNY
4939,TAXI
4940,TEBOW
4941,TEE
4942,TELLY
4943,TEN
4945,THAXTER
4946,THEA
4947,THUMBELINA
4948,THURBER
4949,THURMAN
4950,TIAN
4951,TIBBY
4953,TIBET
4954,TIE
4955,TILA
4956,TIMON
4958,TIN
4959,TINI
4960,TINKY
4961,TINSEL
4962,TINSLEY
4963,TOD
4964,TODD
4965,TOGA
4966,TOPI
4967,TORRE
4968,TORRES
4970,TORRI
4972,TORTILLA
4974,TOULA
4975,TRACER
4977,TRACIE
4979,TRAMP
4980,TRAPPER
4982,TRENTON
4983,TROTSKY
4984,TUBA
4985,TULAH
4986,TULLAMORE
4987,TULSA
4988,TUNDRA
4989,TUPPY
4990,TURKEY
4991,TUSIA
4992,TUTI
4993,TUTU
4994,TWILIGHT
4995,TWYLA
4996,U
4997,UHURA
4998,UN
4999,UNIQUE
5000,VALENCIA
5001,VAN
5002,VENICE
5005,VENOM
5006,VERONICA
5008,VESPA
5010,VESTA
5011,VIKING
5012,VINNIE
5013,VIXEN
5014,VLADIMIR
5015,VULCAN
5016,WA
5017,WANG
5018,WASHINGTON
5019,WAWA
5020,WEEGEE
5021,WEST
5022,WHIMSEY
5023,WHISTLE
5024,WILFRED
5025,WINK
5026,WINNE
5027,WINTSON
5028,WOLVERINE
5029,WONG
5030,WOOF
5031,WOTAN
5032,WOW
5033,WYNTER
5035,XENIA
5036,XIAOHEI
5037,XOCHITL
5038,YANA
5039,YAZ
5040,YEYO
5041,YIYI
5042,YOFFI
5043,YOKI
5044,YOLANDA
5045,YOMI
5046,YO-YO
5048,YUMMY
5049,ZACHARIAH
5050,ZANDER
5051,ZANE
5052,ZAZU
5053,ZE
5054,ZEEK
5055,ZETA
5056,ZEV
5057,ZHORA
5058,ZIG
5059,ZITA
5060,ZOI
5061,ZOMBIE
5062,ZONA
5063,ZOOKIE
5064,ZORO
5065,ZOYA
5066,ZUKI
5067,ZULA
5068,ZUMBA
5070,ZUNI
5071,TRUE
5072,ABBI
5073,ABEL
5075,ABHAYA
5076,ABRIL
5077,ABU
5078,ACE-DAVE
5079,ACER
5080,ACHILES
5081,ACKLEY
5082,ADALYN
5083,ADELLE
5084,ADGER
5085,ADI
5086,ADORA
5087,ADORABLE
5088,ADRIENNE
5089,AGUSTINA
5090,AH1232
5092,AHJI
5093,AILSA
5095,AISHA
5096,AKELA
5097,AKI
5098,AKILA
5099,AKIMA
5100,AKIMI
5101,AKULINA
5103,AKUMA
5104,ALARIC
5105,ALASKA
5108,ALBANY
5109,ALEGRIA
5110,ALEXA
5111,ALIBI
5112,ALISA
5113,ALISON
5114,ALITI
5115,ALIZA
5116,ALIZE
5117,ALOHA
5118,ALPH
5119,ALTA
5120,ALVI
5122,ALVIE
5123,ALVINA
5124,AMAGUA
5125,AMANI
5126,AMAZING
5127,AMETHYST
5128,AMIE
5130,AMIGA
5131,AMMA
5132,AMORY
5134,ANABELLA
5135,ANDERS
5137,ANDIAMO
5138,ANDROMEDA
5139,ANIMAL
5140,ANNE
5142,ANOUSHKA
5143,ANSEL
5144,ANTERO
5145,ANTOINE
5146,ANTONIA
5147,APHRODITE
5148,APOLLONIA
5149,APOLO
5150,AQUILES
5151,ARA
5152,ARAPIS
5153,ARCHI
5154,ARCHOOG
5155,ARETHA
5157,ARGO
5158,ARGUS
5159,ARIELLE
5160,ARIS
5161,ARISTA
5162,ARNALDO
5164,AROC
5165,ARON
5166,ARRY
5167,ART
5168,ARVA
5169,ARWEN
5170,ASBURY
5171,ASHELY
5172,ASLYN
5173,ATHENEA
5174,ATHOS
5175,ATIA
5176,ATLANTA
5177,AURA
5178,AVOCADO
5179,AYA
5180,AYDIN
5181,AZA
5182,AZUKI
5183,AZUL
5184,AZZA
5185,BAABAA
5186,BABA
5187,BABBO
5189,BABBY
5191,BABU
5193,BACCI
5194,BACH
5195,BAE
5196,BAGELS
5197,BAGGINS
5198,BAGONEA
5200,BAGUETTE
5201,BAILIE
5202,BAILYEE
5203,BALDRICK
5204,BALEIA
5206,BALLERINA
5207,BALTMORE
5208,BAMA
5209,BAMBII
5210,BAMBY
5213,BAN
5214,BANG
5215,BANKIE
5216,BANKSY
5217,BANNAH
5220,BANX
5221,BAOBAO
5222,BAODAN
5223,BARBARO
5224,BARDOT
5225,BARI
5226,BARKLEE
5227,BARKLY
5229,BAS
5231,BASHA
5232,BASIA
5233,BAT
5234,BAZYL
5236,BEAGLE
5237,BEAM
5238,BEANZ
5239,BEASTLY
5240,BEAUTIFUL
5241,BECK
5242,BECKS
5243,BECKUM
5244,BECQUEREL
5245,BEEBOP
5246,BEEFY
5247,BEEMA
5248,BEEZER
5249,BEGBIE
5250,BEIGE
5251,BEILY
5253,BELINDA
5254,BELIZIA
5256,BELLAMIA
5257,BELLY
5258,BELMONT
5259,BENDI
5260,BENEK
5261,BENGY
5262,BENICIO
5263,BENJALS
5264,BENZ
5265,BEPPE
5267,BERG
5268,BERNESE
5269,BES
5270,BETHANY
5271,BETTHOVEN
5272,BETTIE
5273,BETY
5274,BEULAH
5275,BEYA
5276,BICHON
5277,BIFFY
5279,BIGGLES
5280,BIGGS
5282,BIJOUX
5283,BILUTA
5284,BIM
5285,BIMBA
5286,BIN-BIN
5288,BINDHI
5289,BINDY
5290,BINGLEY
5291,BISBEE
5292,BISCUT
5293,BISKET
5294,BISON
5295,BISQUET
5296,BISQUIT
5297,BIZKIT
5298,BK
5299,BLACKA
5300,BLACKEE
5301,BLANKET
5303,BLAZA
5304,BLEEKER
5305,BLESS
5306,BLESSING
5308,BLING
5309,BLONDY
5310,BLUEBELL
5311,BLUEGRASS
5313,BLUEY
5315,BLUTO
5316,BMO
5317,BOA
5318,BOBEE
5320,BOBI
5321,BOBSIE
5323,BOCCELLI
5324,BOCCI
5325,BOCHOK
5326,BOCHY
5327,BOCO
5328,BODEN
5329,BODI
5331,BOETHIUS
5332,BO-JANGELS
5333,BOJANGLES
5335,BOKA
5336,BOLAN
5337,BOLI
5338,BOLTO
5339,BOMBER
5340,BOMBON
5341,BOMI
5342,BOND
5343,BONDI
5345,BONEY
5346,BONNY
5347,BONZ
5348,BONZO
5349,BOOBO
5350,BOO-BOO
5351,BOODA
5353,BOOKIE
5354,BOOMERANG
5355,BOOSKY
5356,BOOTSIE
5357,BOOTY
5358,BORA
5359,BOREALIS
5360,BOSCH
5362,BOSIE
5363,BOSSA
5364,BOU
5367,BOUDICCA
5368,BOURNE
5370,BOWER
5371,BOWMAN
5372,BOXER
5373,BOXIE
5374,BOZ
5375,BRANDEE
5376,BRANDYGIRL
5377,BRAVEHEART
5378,BREANNA
5379,BRECK
5380,BREW
5381,BREYER
5382,BRIAR
5383,BRICE
5384,BRICK
5385,BRIGID
5386,BRIGITTE
5387,BRINDLE
5388,BRINKS
5389,BRISA
5390,BRIX
5391,BRO
5392,BROADWAY
5393,BROOGY
5394,BROOK-LYNN
5395,BROWNEE
5396,BROWNEY
5397,BROWNIE/GOGGLE
5398,BROWSER
5399,BRU
5400,BRUNA
5401,BRYAN
5402,BUBS
5403,BUCEY
5404,BUCHANAN
5405,BUCHI
5406,BUCKET
5407,BUCKO
5408,BUDDI
5409,BUDWEISER
5411,BUDY
5412,BUELLER
5413,BUG-Z
5414,BUKI
5415,BULLEIT
5416,BULLIE
5417,BULLITT
5418,BUMPY
5419,BUOY
5420,BUPKIS
5421,BURLEIGH
5422,BUTTE
5423,BYRD
5424,CABBAGE
5425,CABIRIA
5426,CACAU
5427,CACHILIN
5428,CACHOU
5429,CACIQUE
5430,CADDIE
5431,CADY
5432,CAELEY
5433,CAIDENCE
5434,CAILLOU
5435,CALAMITY
5436,CALI-ENTE
5437,CALIMOCHO
5438,CALLA
5439,CALLAHAN
5440,CALOGERO
5441,CAMELIA
5442,CAMILLA
5444,CAMPANITA
5445,CAMPER
5446,CAMY
5447,CANDICE
5448,CANOLI
5449,CANUTE
5450,CANYON
5451,CAP'N
5452,CAPPI
5453,CAPPIE
5454,CAPPO
5456,CAPPUCINO
5457,CAPRICE
5459,CARINA
5460,CARLISLE
5461,CARMA
5462,CAROLINE
5463,CARRINGTON
5464,CASHEL
5465,CASI
5466,CASIE
5467,CASSIOPEIA
5468,CAYENNE
5469,CAYMUS
5470,CECILY
5471,CEELO
5472,CEILIDH
5473,CELENE
5474,CELERY
5475,CELLO
5476,CELO
5478,CENBRY
5479,CH
5480,CHACE
5481,CHA-CHI
5482,CHAD
5483,CHALUTZ
5485,CHAN
5486,CHANA
5487,CHANCY
5488,CHANELL
5490,CHANNING
5491,CHANO
5492,CHANTILLY
5493,CHAPIK
5494,CHAPIN
5495,CHAPMAN
5496,CHAPPY
5497,CHARITY
5498,CHARLENE
5501,CHARLESTON
5502,CHARM
5503,CHARMS
5504,CHARRIE
5505,CHARRO
5506,CHATA
5507,CHE-CHE
5508,CHEE
5509,CHEESE
5510,CHEETO
5511,CHELA
5512,CHELO
5514,CHEO
5515,CHERAKEE
5516,CHERIE
5517,CHERISH
5518,CHERUB
5519,CHESSIE
5520,CHESTY
5521,CHETO
5523,CHEX
5524,CHEZ
5525,CHIBA
5526,CHICCO
5527,CHICKA
5528,CHICKADEE
5529,CHICLET
5530,CHICOT
5531,CHIGGIE
5532,CHIHUAHUA
5533,CHIKA
5534,CHIKY
5535,CHILE
5536,CHILL
5537,CHILLER
5538,CHIMI
5539,CHINGO
5540,CHIQUIS
5541,CHISPY
5542,CHITO
5543,CHLOIE
5545,CHOCALATE
5546,CHOLULA
5547,CHOOCHOO
5548,CHOOWY
5549,CHOU
5551,CHOWDA
5552,CHRISTAL
5553,CHRISTIE
5554,CHRISTOPHE
5555,CHRISTY
5556,CHUBAKA
5557,CHUD
5558,CHUIE
5560,CHUNCHY
5561,CHUTLEY
5562,CHUTNEY
5563,CHUWEE
5564,CHYLA
5565,CHZE
5566,CIARABELLA
5567,CIBY
5568,CIDER
5569,CINA
5570,CINNAMIN
5571,CINNIMON
5573,CLARE
5574,CLAUDIA
5575,CLAUDIUS
5576,CLAYTON
5577,CLEM
5578,CLEMENTINA
5579,CLEMENZA
5580,CLEVELAND
5581,CLICQUOT
5582,CLIFTON
5583,CLIVE
5584,CLOIE
5585,CLOONEY
5586,CLOUD/HUDSON
5587,CLOVIE
5588,CLYTIE
5589,COBRA
5590,COCCO
5591,CO-CO
5592,CODEY
5594,COFI
5595,COGNAC
5596,COHIBA
5597,COKEY
5599,COKIE
5600,COLLIE
5601,COLLINS
5602,COMMANDER
5603,COMPTON
5604,CONEY
5605,CONGA
5606,CONNER
5607,CONWAY
5608,COOJI
5609,COOKIES
5611,COOKY
5612,COQUETTE
5614,CORAL
5615,CORALINA
5616,CORDUROY
5617,CORIANDER
5618,CORKIE
5619,CORRIO
5620,COSI
5621,COSIBELLA
5622,COSIMO
5623,COSTELLO
5624,COUDY
5625,COUTURE
5626,CRACKERJACK
5627,CRAZE
5628,CRAZY
5629,CRISPIN
5630,CROCKETT
5631,CROISSANT
5633,CRONUT
5634,CROTONA
5635,CROUTON
5636,CRUMPET
5637,CRUNCH
5638,CRUNCHIE
5639,CRUSHER
5640,CRUZ
5641,CUCA
5643,CUDI
5644,CUP
5645,CUTE
5646,CUZCO
5647,CY
5648,CYAN
5649,CYCLONE
5650,CYD
5651,CZAR
5653,D.J
5654,DAFFODIL
5655,DAFNEY
5656,DAG
5657,DAMMY
5659,DANCER
5660,DANDELION
5662,DANG
5663,DANGO
5664,DANIA
5665,DANICA
5666,DANJI
5667,DANKE
5668,DANNIE
5669,DARA
5670,DARIUS
5671,DASHEL
5672,DAYDAY
5673,DAZE
5675,DAZEY
5676,DD
5677,DE
5678,DEDE
5679,DEEMON
5680,DEEZEL
5681,DEGA
5682,DEKODA
5683,DELANCEY
5684,DELIA
5685,DELILIAH
5686,DELPHINE
5687,DELUZE
5690,DEMO
5691,D-EMPEROR-NERO
5692,DENZEL
5693,DEOGEE
5694,DEOGIE
5695,DESDEMONA
5696,DESILU
5697,DEZIREE
5698,DIA
5699,DIANE
5700,DIASY
5701,DICKENS
5702,DIESAL
5703,DIETER
5704,DIGGIDY
5705,DIGNAN
5706,DILLAN
5709,DINKS
5710,DIOGGIE
5712,DIPSY
5713,DITTO
5714,DIZO
5715,DJAY
5716,DOCK
5718,DODIK
5719,DOJO
5720,DOLBY
5722,DOLCE/SUGAR
5723,DOLLY-III
5724,DOLLYPARTON
5725,DOMINIQUE
5726,DONA
5727,DONG
5728,DONNY
5729,DOO
5730,DOOBIE
5731,DOOBOO
5733,DOOGAN
5734,DOOKIE
5735,DOOZEE
5736,DOPEY
5737,DORADO
5738,DORITO
5739,DORKIE
5740,DOS
5741,DOSTI
5742,DOTS
5743,DOTTIE-MAY
5744,DOV
5745,DOWNY
5747,DOYLE
5749,DRADIS
5750,DREA
5751,DREIDEL
5752,DRIGGS
5753,DRIZZY
5754,DRIZZZY
5755,DU
5756,DUC
5757,DUCKIE
5758,DUCTHESS
5760,DUECE
5761,DUEY
5763,DUG
5764,DUGAN
5766,DUKI
5767,DUKIE
5768,DUM
5769,DUMA
5770,DUNDEE
5771,DUNIA
5772,DUODUO
5773,DURANGO
5775,DUSTER
5776,DUSYA
5777,DUTCHIE
5778,DWAYNE
5779,DYER
5780,DYNAMITE
5782,DYZEL
5783,DZIGA
5784,EAGLE
5786,EAST
5787,EASTER
5788,EASTON
5789,EBBIE
5790,EBBY
5791,ECCO
5792,EDEE
5793,EDEN
5794,EDGY
5795,EDINA
5796,EDNA
5798,EDWINA
5799,EGGY
5800,EGO
5802,EGOR
5803,ELENA
5804,ELEPHANT
5805,ELKE
5806,ELLI
5807,ELMIRA
5808,ELVIN
5809,ELVIRA
5810,EMALINA
5811,EMELIA
5812,EMERALD
5813,EMERY
5814,EMILE
5815,EMI-LOU
5816,EMPRESS
5818,EMY
5819,ENCHILADA
5820,EPI
5821,ERNESTINE
5822,ERNESTO
5823,ESCHER
5824,ESE
5825,ESKI
5827,ESMÉ
5828,ESMERALDA(ESSIE)
5829,ESPERANZA
5830,ESQUIRE
5832,ESSEX
5833,ESSIX
5834,EVER
5835,EWI
5836,EXIT
5837,EZ
5838,F
5839,FAB
5840,FALA
5841,FALCO
5842,FALDAROL
5843,FALINE
5844,FALKO
5845,FAN
5846,FANGO
5847,FARAH
5848,FATBOY
5849,FATIMA
5850,FAUNA
5851,FAVOR
5854,FDR
5856,FE
5857,FEATHER
5859,FEDERICO
5861,FEDYA
5862,FEELING
5863,FEILE
5864,FEISTY
5865,FELA
5866,FELIPE
5867,FENDER
5868,FENDY
5869,FENNEL
5870,FENTON
5872,FENWICK
5873,FERRARI
5874,FESTER
5875,FESTUS
5876,FETTY
5877,FEZZIWIG
5878,FILLMORE
5879,FINA
5880,FINIAN
5881,FINNBAR
5882,FINNY
5883,FIPS
5884,FITCH
5885,FITO
5886,FIVER
5887,FIYERO
5888,FLAG
5890,FLAIR
5891,FLAN
5894,FLEA
5895,FLEE
5896,FLIPPY
5897,FLOKI
5898,FLOSSY
5899,FLOUNDER
5900,FLOW
5901,FLUFFIE
5902,FLURRY
5904,FLYER
5905,FOFO
5906,FONZI
5907,FORTE
5908,FOXO
5909,FRAISER
5910,FRANSWA
5911,FREDA
5912,FREE
5914,FREEDOOM
5915,FREIDA-LEYNA
5916,FRENCHY
5917,FRIEDA
5918,FROSTI
5919,FUKU
5920,FULTON
5921,FURBIE
5922,GABLE
5923,GADGE
5926,GALI
5927,GALILEO
5928,GANDER
5929,GARCIA
5930,GARFIELD
5931,GARRISON
5932,GARTH
5933,GASPARE
5934,GASTONE
5935,GAYA
5936,GEEANNA
5937,GEEZER
5938,GEISHA
5939,GELATO
5940,GENNY
5941,GENO
5942,GENOVESE
5943,GENS
5944,GEO
5945,GEOFFREY
5946,GEORDI
5948,GEORDIE
5949,GEPETTO
5950,GERALD
5951,GERI
5952,GESHA
5953,GIANNA
5954,GIANNI
5956,GIANT
5957,GIGGY
5958,GILLIE
5959,GILLIGAN
5960,GIMLI
5961,GINGERBREA
5962,GINGER-LENA
5965,GINGIN
5966,GINS
5967,GIPSY
5968,GIRLY
5970,GISELE
5971,GISMO
5972,GITTA
5973,GIULIO
5974,GIUNA
5975,GLACIER
5976,GLACKEN
5977,GLADYS
5978,GLAMOUR
5979,GLEN
5980,GLENN
5981,GNARLEY
5982,GNOMEO
5983,GO
5984,GOCHA
5986,GOLDO
5987,GONZO
5988,GOODWIN
5989,GOOFUS
5990,GORGEOUS
5991,GORGI
5993,GOUMBA
5994,GOZER
5995,GOZY
5996,GRACY
5997,GRAF
5998,GRAFF
5999,GRAND
6000,GRANDMA
6001,GRAVY
6002,GREEN
6003,GRETE
6004,GRIFFEN
6005,GRIMSBY
6006,GRIZWALD
6007,GROM
6008,GROUCHO
6009,GRUNT
6010,GUARDIAN
6011,GUIRRO
6012,GUNNERZ
6013,GURU
6014,GUSSY
6015,GUSTAVE
6016,GUTHRIE
6018,GYPSIE
6019,GYRO
6020,HACHI-MIKO
6021,HAGAR
6022,HAGLER
6023,HALBY
6024,HAM
6025,HAMMY
6026,HAPOOH
6027,HARBOR
6028,HARPUR
6029,HARVEST
6030,HASHBROWN
6031,HAWK
6034,HAZARD
6036,HEARTY
6037,HEBE
6038,HEDI
6039,HEDY
6040,HEINZ
6041,HEIRESS
6042,HEISMAN
6043,HEMI
6044,HENDRICKS
6045,HENNA
6046,HENNI
6047,HENREE
6048,HERC
6049,HERCULE
6050,HERSCHLE
6051,HERSHE
6052,HERSHIE
6054,HERSHY
6055,HIGGS
6056,HILDA
6057,HILDEGARD
6058,HILLY
6059,HILO
6060,HINCKLEY
6061,HITCHCOCK
6062,HOAGIE
6064,HOBBIT
6065,HOBSON
6066,HODA
6067,HOLLEBELLE
6069,HOLLISTER
6071,HOLMES
6072,HONDO
6073,HONEYBEE
6074,HONEYDILL
6075,HONOLULU
6076,HOP
6077,HOPPY
6078,HORACIO
6079,HOYT
6080,HRS
6081,HULA
6082,HUMBOLDT
6083,HUMPHERY
6084,HUNCUT
6085,HUNTLEY
6086,HYPE
6087,HYRO
6088,ICEMAN
6089,ICEY
6090,ICHABOD
6091,ICON
6092,IGNATIUS
6094,IGOR
6095,IKCHEL
6096,IKER
6097,ILSA
6098,IMA
6099,IMMANUEL
6100,IMOGEN
6101,INARI
6102,INCA
6103,INDI
6104,INTI
6105,IRELAND
6106,IRONMAN
6107,ISAIAH
6108,ISHA
6111,ISOLDE
6112,ISSA
6113,ISSAC
6114,IVANKA
6115,IZABELLA
6116,IZOLDA
6117,J.J
6118,J.R.
6119,JA
6120,JACE
6121,JACKIE-O
6122,JACS
6123,JAGR
6124,JAI
6125,JAKOB
6126,JALAPENO
6127,JAMAICA
6128,JAMISON
6129,JANELLA
6130,JAPHY
6131,JARA
6132,JARED
6133,JASIME
6134,JASMIN
6136,JASTON-GAGE
6138,JAVI
6139,JAXI
6140,JAYDE
6142,JAY-Z
6143,JAZMIN
6144,JAZPER
6145,JAZZI
6146,JB
6147,JEEP
6148,JEEVES
6150,JEEZY
6151,JEFFERS
6153,JEFFERY
6154,JEFFY
6155,JELLO
6157,JENGA
6158,JENI
6159,JENSING
6160,JERZEE
6161,JESUS
6163,JETSON
6164,JEWELZ
6165,JIANG
6166,JICKY
6168,JIMINY
6169,JINNY
6170,JINX!
6171,JIRO
6172,JIU
6173,JOAN
6174,JOANNE
6175,JOBA
6177,JOBIE
6178,JOCK
6179,JOCKEY
6180,JOCKO
6182,JODIE
6183,JOEL
6184,JOHNSON
6185,JOIE
6186,JOLI
6187,JON
6188,JONNIE
6189,JONSEY
6192,JONTY
6193,JOPLIN
6194,JORDI
6195,JOSEPH
6196,JOSEPHUS
6197,JOST
6198,JOURNEY
6199,JOYCE
6200,JR.
6201,JS
6202,JUANCHO
6203,JUANITO
6204,JUDITH
6205,JUELZ
6206,JUJUBEE
6207,JULIANNA
6208,JULIETT
6209,JUNGLE
6210,JUSTINE
6211,JYNX
6212,K.O.
6213,KABUKI
6214,KACEE
6215,KACI
6216,KADEN
6217,KADO
6218,KAFKA
6219,KAHLO
6220,KAHUNA
6221,KAIA
6222,KAILA
6223,KAILANI
6224,KAILEY
6225,KAIZER
6227,KALE
6228,KALEIGH
6229,KAL-EL
6230,KALEY
6231,KALIN
6232,KALISI
6233,KALU
6234,KAMILA
6237,KANSAS
6238,KANY
6239,KANYA
6240,KARI
6243,KASCHEU
6244,KASSIE
6245,KATIA
6247,KATSU
6248,KATYA
6249,KAWAII
6250,KAYLEIGH
6251,KAYLIE
6252,KAZ
6253,KEANU
6255,KEATON
6256,KEBI
6257,KEEKEE
6258,KEEKO
6259,KEELEY
6260,KEELY
6261,KEILA
6262,KELLIE
6263,KELSEY-BELLE
6265,KELVIN
6266,KENDALL
6267,KENDRICK
6268,KENSEY
6269,KENU
6270,KENY
6271,KERI
6272,KES
6273,KEYA
6274,KHADYN
6275,KHALESSI
6276,KHALI
6277,KHIONE
6278,KHUFU
6279,KHUSHI
6280,KIANA
6281,KICO
6282,KIERA
6283,KIERNAN
6284,KIFLI
6285,KIKYO
6286,KILEY
6288,KILLIAN
6289,KIMBER
6290,KINGDOM
6291,KINGPIN
6292,KINSEY
6293,KIOKO
6295,KIOSHI
6297,KIPPY
6298,KISKA
6299,KITSU
6300,KIZZIE
6301,KLARA
6303,KLOOSKA
6304,KNICKS
6305,KNUCKLEHEAD
6306,KNUT
6307,KOBAYASHI
6308,KOCO
6309,KOKITO
6310,KOKORO
6312,KOLE
6315,KONAN
6316,KONEY
6317,KONRAD
6318,KONTA
6319,KOUFAX
6320,KRACKERS
6321,KRISTA
6322,KRISTI
6323,KRONUS
6324,KUHLUA
6325,KUKI
6326,KUMAKO
6327,KUNA
6328,KUPCAKES
6330,KURT
6331,KURTIS
6332,KUZCO
6333,KWELI
6334,KYLA
6335,KYLI
6338,KYO
6339,KYUBI
6340,KYZER
6341,L
6342,LADA
6343,LADDY-BOY
6344,LADI
6345,LADII
6346,LAFAYETTE
6348,LAINIE
6349,LAISEY
6350,LALALUCY
6351,LALO
6352,LAMB
6353,LAMBO
6354,LAMPCHOP
6357,LANCER
6358,LANGLEY
6359,LAPA
6360,LAPTOP
6361,LARISA
6362,LARS
6363,LASHES
6364,LASKER
6365,LASZLO
6366,LAURA
6367,LAVERNE
6368,LAVINIA
6369,LAYDE
6370,LAZARUZ
6371,LAZER
6372,LAZO
6373,LB
6374,LE
6375,LEAF
6376,LEBRON
6377,LEELU
6378,LEESE
6379,LEETL
6380,LEICA
6381,LELECO
6383,LELU
6384,LENNIE
6385,LEROI
6386,LETHO
6387,LEVITICUS
6388,LEW
6389,LIAH
6390,LIANNA
6391,LICORISH
6392,LIDIA
6393,LIFE
6394,LILAC
6395,LILEE
6396,LILIAN
6397,LILITH
6398,LILLO
6399,LILLYBELLE
6400,LILY-ANNE
6401,LILYBUG
6403,LINDO
6404,LINO
6405,LIONIS
6407,LIP
6408,LIQUORICE
6410,LISSY
6411,LITTLEDUKE
6412,LIZABELL
6414,LJ
6415,L'LL
6416,LOBSTER
6417,LOIS
6418,LOLABELLE
6419,LOLLIE
6420,LOLLYPOP
6421,LONDYN
6422,LOOPER
6423,LORY
6424,LOUBOUTIN
6425,LOUI
6426,LOURDES
6427,LOVI
6429,LOVIE
6430,LT
6431,LT.
6432,LUANN
6433,LUCEE
6434,LUCERO
6435,LUCHO
6436,LUCINDA
6438,LUCO
6439,LUGO
6440,LULI
6441,LU-LU
6442,LUMI
6443,LUNATIC
6444,LUVI
6445,LUZ
6446,LYDIA
6447,LYLE
6448,LYLO
6449,LYNKS
6450,LYNX
6451,M.
6452,M.J.
6453,MA
6454,MABON
6456,MACARTHUR
6457,MACC
6458,MACCABI
6459,MACCHIATO
6460,MACDOUGAL
6462,MACE
6463,MACGREGOR
6465,MACGYVER
6467,MACHETE
6468,MACHITO
6470,MACHU
6471,MACKINTOSH
6472,MACKS
6474,MACKY
6475,MADDI
6476,MADDISON
6477,MADIGAN
6478,MADRA
6480,MADY
6481,MAGGI
6482,MAGICK
6483,MAGOO
6484,MAIDE
6485,MAISEY
6486,MAITAI
6487,MAIZEY
6488,MAKO
6489,MALACHI
6490,MALACHY
6492,MALAND
6493,MALIA
6494,MALLORY
6495,MALU
6496,MAMACITA
6497,MAMASITA
6498,MAMAZ
6499,MAMMA
6500,MANCHITAS
6501,MANDU
6502,MANI
6503,MANILA
6504,MANNING
6505,MANOLITO
6507,MANOONYA
6508,MANTOU
6509,MARABOU
6510,MARCELA
6511,MARIAN
6513,MARIANO
6514,MARIPOSA
6515,MARIYAH
6516,MARKISS
6517,MARLENE
6518,MARLON
6519,MARMADUKE
6520,MARMITE
6521,MARSALA
6523,MARSHAL
6524,MARSHY
6525,MARTA
6526,MARTINA
6527,MARZI
6528,MARZIA
6529,MARZIPAN
6530,MASATO
6531,MASIK
6532,MATCHBOX
6533,MATE
6534,MATHILDA
6535,MATIAS
6536,MATISSE
6537,MATTISE
6538,MAXCINE
6539,MAXILLIAN
6540,MAXIMILIANO
6542,MAXIMILION
6544,MAXIMILLAN
6546,MAXIMINO
6547,MAXXIE
6548,MAXXIMUS
6549,MAYBEL
6550,MAYBELLINE
6551,MAYDAY
6552,MAYHEM
6553,MAYNARD
6554,MAZE
6555,MAZEL
6556,MCALLISTER
6557,MCGEE
6558,MCKINLEY
6559,MCLOVIN
6560,MCPHERSON
6561,MEDIC
6562,MEELO
6564,MEELU
6565,MEEMEE
6566,MEENA
6567,MEGGIE
6568,MEGHAN
6569,MEIJI
6570,MEIMEI
6571,MEI-MEI
6572,MEINL
6573,MEKO
6574,MELKY
6575,MELODIA
6576,MELODIE
6577,MELON
6578,MELTEMI
6580,MEME
6581,MEOSHA
6582,MERCER
6583,MERYL
6584,MESSIAH
6585,MESSY
6586,METSY
6587,MHYSA
6588,MIATA
6589,MICHAELANGELO
6590,MICHEAL
6591,MICHOACAN
6592,MICHOUX
6594,MICKI
6595,MICKIE
6596,MICO
6597,MIDDLES
6598,MIETTE
6600,MIFFY
6601,MIGUEL
6602,MIKIE
6603,MIKKI
6604,MIKU
6605,MILANA
6607,MILANO
6608,MILLICENT
6609,MILLION
6610,MILOS
6611,MILTA
6612,MIMA
6614,MIMMO
6615,MIMO
6616,MIMSY
6617,MIN
6618,MININO
6619,MINK
6620,MINNA
6621,MINNESOTA
6622,MINNI
6623,MINNIED
6624,MINO
6625,MINOUSCHKA
6626,MINTY
6627,MIOO
6628,MIRABELLE
6629,MIREYA
6631,MIRIAM
6632,MISAKI
6633,MISTY-PINK
6635,MISU
6636,MITO
6638,MIU
6639,MOCHACCINO
6641,MODEM
6642,MOGLEY
6644,MOGU
6645,MOGUL
6646,MOGWAI
6647,MOJAVE
6648,MOKEE
6650,MOKEY
6651,MOLLEE
6652,MOMA
6653,MONKA
6654,MONKEE
6656,MONTAO
6657,MONTI
6658,MOOCHI
6660,MOONLIGHT
6661,MOPS
6662,MORA
6663,MORDECAI
6664,MOREL
6665,MORENO
6666,MORGANA
6667,MORGEN
6668,MOROZ
6669,MORPHEUS
6670,MORRISON
6671,MORTIE
6672,MORTY
6673,MOSBY
6674,MOSI
6675,MOSS
6676,MOSSIMO
6678,MOTAS
6679,MOTEK
6680,MOTICA
6681,MOTLEY
6682,MOTOR
6683,MOTYA
6685,MOUCHY
6686,MOUNTAIN
6687,MOVADO
6688,MOXI
6689,MOXXI
6690,MRS
6691,MU
6692,MUCCA
6693,MUFASAA
6694,MUFFIE
6695,MUJI
6696,MUKHA
6697,MUMFORD
6698,MUNCHY
6699,MUÑECO
6700,MUPHIN
6701,MURDOC
6702,MURPH
6703,MURPHEY
6705,MURRY
6706,MUSASHI
6707,MUSCLE
6708,MUSHIE
6709,MUSYA
6710,MUTTERFLY
6711,MY
6712,MYCROFT
6713,MYKA
6714,MYO
6715,MYRA
6716,NABI
6717,NADINE
6719,NAKOTA
6720,NALI
6721,NAME?
6722,NAMIE
6723,NANUQ
6724,NASHA
6725,NAVEEN
6726,NAVILLUS
6727,NAYLO
6728,NECO
6729,NEENO
6730,NEGRETA
6731,NEGRO
6733,NEIMAN
6734,NEJI
6735,NELLIA
6737,NERUDA
6738,NESSIE
6739,NETTIE
6740,NETTLES
6741,NEVA
6742,NEVADA
6743,NEVAEH
6744,NIAH
6745,NICCO
6746,NICCOLO
6747,NICHI
6748,NICHOLS
6749,NICKEL
6750,NICKELS
6752,NICKO
6753,NICKOLAS
6755,NIELSEN
6756,NILAH
6757,NILLY
6758,NILS
6759,NIMBUS
6760,NIMO
6761,NINNIE
6762,NIPPY
6763,NIYA
6764,NOELLA
6765,NOGI
6766,NOLAN
6768,NOLIE
6771,NONO
6772,NORM
6773,NOVI
6774,NUBIAN
6775,NUNA
6776,NUNU-LITTLE
6777,NUNZIO
6779,OAKA
6780,OBELIX
6781,OBI-WAN
6782,OCEANA
6783,ODEN
6784,ODESSA
6785,OFELIA
6786,OLD
6787,OM
6788,OPUS
6789,ORAN
6791,ORBIT
6792,ORCA
6793,ORCHID
6794,OREILLY
6795,OREJAS
6796,ORLEE
6797,ORLY
6798,ORRAIOS
6800,ORSON
6801,OSHA
6802,OSIAS
6803,OSKI
6804,OTIE
6806,OUZO
6807,OWSIK
6808,OYA
6810,OYNX
6811,OYSTER
6812,P.
6813,P.J
6815,PACEY
6816,PACHA
6817,PACINA
6818,PACKER
6819,PACKY
6820,PADFOOT
6821,PAGE
6822,PALMER
6823,PAMINA
6824,PAMUK
6825,PANCHA
6826,PANDY
6827,PANTERA
6828,PAPAS
6829,PAPER
6830,PAPPY
6831,PASTIS
6832,PATCHY
6833,PATIENCE
6834,PATRICIA
6835,PATTERSON
6836,PATY
6837,PAULI
6838,PAVAROTTI
6839,PAYAL
6840,PAYLEE
6841,PEACE
6842,PEACHIE
6843,PEAGLE
6844,PEANUTBUTTER
6845,PEARLA
6846,PEEKABOO
6847,PEEVE
6848,PEKAPOO
6849,PEMBRY
6850,PENCIL
6851,PENN
6852,PENNI
6853,PENNIE
6854,PENNINGTON
6855,PEONY
6856,PEPIN
6858,PEPINA
6859,PEPPE
6860,PEPPERS
6861,PERKY
6863,PERLE
6864,PESHKA
6865,PESYO
6866,PETITE
6867,PETITO
6868,PHADE
6869,PHELPS
6870,PHENIX
6871,PHIFE
6872,PHILLIP
6873,PHIN
6874,PIANO
6875,PICCOLA
6876,PICCOLINO
6877,PICHU
6878,PIER
6880,PIETRA
6883,PIFF
6884,PIGEON
6885,PIKE
6886,PILIN
6887,PIM
6888,PINA
6889,PINEAPPLE
6890,PINKYETTA
6892,PINPON
6894,PINTA
6895,PIPOU
6896,PIP-SQUEAK
6897,PIPSQUEEK
6898,PIRULINA
6899,PIRULO
6900,PITBULL
6901,PITOCO
6902,PLATINUM
6904,PLISSKEN
6905,POCA
6906,POCKY
6907,POIROT
6908,POKER
6910,POKY
6912,POLARIS
6913,POLLO
6914,POMERANIAN
6915,POMMIE
6916,PONCHI
6918,PONKY
6919,PONYBOY
6920,PONYO
6921,POO
6922,POOCHO
6923,POO-CHON
6924,POOHBEAR
6925,POOKAH
6926,POOPSIE
6927,POPPIE
6929,POQUITO
6930,POSY
6932,POT
6934,POTUS
6935,POUCHI
6937,POUCHIE
6938,PRAJNA
6939,PRECIOUS-SOFIA
6940,PRETA
6941,PRETENDER
6942,PREZ
6943,PRINCESLEA
6944,PRINGLE
6945,PROOF
6947,PROPHET
6948,PROTON
6949,PUCHINY
6950,PUCHIS
6951,PUGGLE
6953,PUGZLEE
6954,PUHLYA
6955,PUJI
6956,PUKA
6959,PULGA
6960,PUMBAA
6961,PUNCH
6962,PUNKIE
6963,PUPUJI
6964,PUTNEY
6965,QOIA
6966,QUASI
6967,QUEENEY
6968,QUESO
6969,QUIMBO
6970,QUINCE
6971,QUINCEY
6972,QUINLAN
6973,QUINNY
6974,QUINTON
6975,RA
6976,RACO
6977,RAF
6978,RAFELIN
6979,RAFFERTY
6980,RAFFY
6982,RAIDEN
6983,RAIDER
6984,RAJ
6985,RALF
6986,RALIEGH
6987,RALLY
6988,RAMEN
6989,RAMI
6990,RAMO
6991,RAMSAY
6992,RAMSES
6993,RAMZAN
6994,RAND
6995,RANDOLPH
6996,RANDON
6997,RANI
6998,RAPHAEL
6999,RAPTURE
7000,RAPUNZEL
7001,RASCO
7002,RASHMI-KAHUR
7003,RASTIS
7004,RAWLEY
7005,RAYA
7006,RAYLAN
7007,REBO
7008,REBOOT
7009,REBUS
7010,REDMOND
7011,REENIE
7012,REESE'S
7013,REESEY
7014,REGGAE
7015,REIGN
7016,REILY
7017,RELIC
7018,RELLIE
7020,REM
7021,REMEY
7022,REMMY
7023,RENNIE
7024,RENZO
7025,RESCUE
7026,RESSIE
7027,REXS
7028,REXXI
7029,RHEA
7030,RHI
7031,RHIANNON
7032,RHINO
7033,RIA
7034,RICOCHET
7035,RICO-SUAVE
7036,RIDGE
7037,RIHANNA
7038,RIKA
7039,RIKER
7040,RIKKI
7042,RIKKU
7043,RIKO
7044,RIKU
7045,RIMSKY
7046,RIOT
7047,RIRO
7049,RIVERS
7050,RIZA
7051,ROADIE
7052,ROBY
7053,ROCHELLE
7054,ROCIEN
7055,ROCKEFELLER
7056,ROCKETMAN
7057,ROCKS
7058,ROCKSY
7059,ROGAN
7060,ROI
7061,ROIC
7062,ROLLY
7063,ROLY
7064,ROMBY
7065,ROMILOS
7066,ROOREY
7067,ROOTBEER
7068,ROQUE
7069,RORI
7071,ROSEMARIE
7072,ROSEMARY
7073,ROSETTA
7075,ROSSI
7077,ROUGHIE
7078,ROURKE
7079,ROUXIE
7080,ROWENA
7081,ROWLEY
7082,RU
7083,RUBEN
7084,RUBERT
7085,RUBIN
7086,RUBIO
7088,RUDOLF
7089,RUEBEN
7090,RUFFIAN
7091,RUFFUS
7092,RUFFY
7093,RUFIO
7094,RUGER
7095,RUI
7097,RUKA
7099,RULLI
7100,RUMMY
7101,RUMPY
7102,RUNKLE
7103,RUNNER
7104,RUPEE
7105,RUPI
7106,RUSTI
7107,RYLEE-GREY
7108,RYLEIGH
7109,RYLIE
7110,RYUU
7111,SABACHE
7112,SABASTIAN
7113,SABIO
7114,SABOU
7115,SABRETT
7116,SACHIE
7117,SADIE-MUFFIN
7118,SAFFIE
7119,SAFFY
7120,SAFI
7121,SAFIRE
7122,SAIDA
7123,SALAMANDER
7124,SALOME
7125,SALTINE
7126,SALVATORE
7128,SAMATHA
7130,SAMAURI
7131,SAMERAH
7132,SAMIRA
7133,SAMOA
7134,SAMSUN
7135,SANDE
7136,SANDEE
7137,SANDRO
7138,SANSA
7139,SAOIRSE
7140,SAPHIRA
7141,SAPHRIS
7142,SAPO
7143,SARANG
7144,SARGEANT
7145,SARITA
7146,SARU
7147,SASH
7148,SASSAFRAS
7149,SASSAFRASS
7150,SATI
7151,SATYA
7152,SAUCEY
7153,SAUL
7154,SAUSAGE
7155,SAVAGE
7156,SAY
7157,SCAMPS
7158,SCHAE
7160,SCHAK
7161,SCHNEIDER
7163,SCHULTZ
7164,SCHUYLER
7167,SCOOBIE
7168,SCOOBY-DO
7169,SCOOPY
7170,SCORPIO
7171,SCRAM
7172,SCRAP
7173,SCRAPPER
7174,SCRAPPIE
7175,SCRAPS
7176,SCRATCHY
7177,SCRUBS
7178,SCRUFFLES
7179,SCRUMPY
7180,SCUFFY
7181,SEARGENT
7183,SEGER
7184,SELAVY
7185,SELENE
7186,SELTZER
7187,SENSI
7189,SERIN
7191,SEU
7192,SEVE
7193,SEVERUS
7195,SGT
7196,SGT.
7197,SHADE
7198,SHAGY
7199,SHAKTI
7200,SHALA
7201,SHAMELESS
7203,SHAMU
7204,SHANDY
7205,SHANNA
7206,SHANNIE
7207,SHARIK
7208,SHAR-JAMS
7209,SHARON
7210,SHARPIE
7211,SHAYNE
7212,SHEARER
7213,SHEIDO
7215,SHELA
7216,SHELLEY
7217,SHENA
7218,SHEPHERD
7220,SHERLOCKZER
7221,SHERPA
7222,SHERWOOD
7223,SHIMIAH
7224,SHIRA
7225,SHISHKABOB
7227,SHOBE
7228,SHOCKER
7229,SHOE
7230,SHOES
7232,SHONA
7233,SHOTSIE
7234,SHOTZIE
7235,SHOTZY
7236,SHOWGIRL
7237,SHU
7238,SHUG
7239,SHUGI
7240,SHULA
7241,SHYANN
7243,SHYLO
7244,SHYNE
7245,SIEGFRIED
7247,SILENZIO
7248,SIMA
7250,SIMIAN
7251,SIRENA
7252,SIRUS
7253,SISKO
7254,SISTAH
7255,SIUL
7256,SIX
7257,SKETCH
7258,SKITTLE
7259,SKULLY
7261,SKYLIE
7262,SLAPPY
7263,SLATE
7264,SLEDGE
7265,SLOANE
7266,SLOBBY
7267,SMARTIE
7268,SMEAGOL
7269,SMIDGEN
7270,SMITHERS
7271,SMOKEE
7272,SMOOCHES
7273,S'MORE
7274,SNACKS
7275,SNAPPLES
7276,SNIFFLES
7278,SNIFFORD
7279,SNOOPIE
7280,SNOWCAP
7281,SNOWEY
7282,SNOWSTORM2
7283,SNUFFLES
7284,SNUZI
7285,SNYDER
7286,SOFY
7287,SOJU
7288,SOKKA
7289,SOLE
7290,SOMBRA
7291,SONORA
7292,SOONER
7296,SOONI
7297,SOOT
7299,SOOTY
7300,SOPHI
7301,SOREN
7302,SPALDING
7303,SPARK
7304,SPARKSTER
7305,SPARTAK
7307,SPEC
7308,SPECIAL
7309,SPECK
7310,SPECKLES
7311,SPENSER
7312,SPERRY
7313,SPIDER
7314,SPLINTER
7315,SPREE
7316,SPUDS
7318,SPY
7319,SQUASH
7320,SQUEAKERS
7321,SQUIGGLES
7322,SQUIRE
7323,SQUISHEE
7324,STACEY
7328,STACHE
7329,STANELY
7330,STANLEE
7331,STARTER
7332,STAX
7333,STEELE
7334,STEELER
7335,STEELEY
7336,STEFFIE
7337,STELLINA
7338,STEPH
7340,STEVE-O
7341,STEWY
7342,STICH
7343,STINKY
7345,STRAW
7347,STREAK
7348,STRIKE
7349,STRINGER
7350,STRUDEL
7352,STRUMMER
7354,STUDLEY
7355,SUAGR
7356,SUCIO
7357,SUEKO
7358,SUKY
7359,SUMATRA
7360,SUMMIT
7362,SUNIA
7363,SURYA
7364,SUSANA
7365,SUSHKA
7367,SUSU
7368,SUTTON
7369,SUZEE
7370,SVEN
7371,SWAGGA
7372,SWAY-JAXON
7373,SWEENEY
7374,SWEETIEPIE
7375,SWOOSH
7376,SYRUP
7378,SYRUS
7379,T.O.
7380,T90450
7381,TAAFFE
7382,TABBIE
7383,TABY
7384,TAD
7385,TADGH
7387,TAGGER
7389,TAHVO
7390,TAJ
7391,TAKARA
7392,TAKI
7393,TALBOT
7394,TALLIE
7396,TAMA
7397,TAMMI
7398,TAMMIE
7400,TANIA
7402,TANSY
7403,TARQUIN
7404,TARTINE
7405,TASMANIA
7406,TASSEL
7407,TASSIE
7408,TASTY
7409,TASYA
7410,TATA
7412,TATOR
7415,TAYSON
7416,TAZER
7417,T-BOY
7418,TEA
7419,TEARS
7420,TEBO
7422,TEDY
7423,TEEGAN
7424,TEEKA
7425,TEEMU
7426,TEENIE
7427,TEGAN
7429,TEINI
7430,TELA
7431,TELLI
7432,TEMO
7433,TEMPERANCE
7434,TEMPEST
7435,TEMPLETON
7436,TENA
7438,TENZIN
7439,TENZING
7440,TERA
7441,TERI
7442,TERRIANN
7443,TERRIER
7445,TESA
7446,TEST
7447,TESTING
7448,TEVA
7449,THAI
7450,THATCHER
7451,THAYER
7452,THELONIOUS
7453,THORA
7454,THRILLER
7455,THUN
7456,TIAMAT
7457,TIANA
7458,TIARA
7459,TIG
7460,TIGGY
7461,TIGHE
7462,TIGI
7463,TIGRE
7464,TIGRESS
7465,TIKVAH
7466,TIMA
7467,TIMBERLAND
7468,TIMBIT
7469,TIMOSHA
7470,TIMOTEO
7471,TIMPANI
7472,TINDALL
7473,TIPSEY
7474,TITI
7475,TITINA
7476,TJADER
7477,TOADETTE
7478,TOASTER
7479,TOBBIE
7481,TOBIN
7482,TOBO
7483,TODOE
7484,TOFI
7486,TOKI
7487,TOMÁS
7488,TOMASINA
7489,TOMATO
7490,TOMO
7491,TONKS
7492,TOOBAB
7493,TOP
7494,TOPANGA
7495,TOPEZ
7496,TORBO
7497,TOULOUSE-LAUTRECLUCY
7498,TOVA
7499,TRAINER
7500,TRAVELLER
7501,TRAY
7502,TRES
7503,TREVER
7504,TREXXIE
7505,TRIGGA
7506,TRIP
7508,TRIPLE
7509,TRIX
7511,TRON
7512,TROPEK
7513,TROT
7514,TROUBLES
7515,TROUBLESOME
7516,TRUBBLE
7517,TRUDIE
7518,TRUMP
7519,TTALGI
7521,TUBBS
7522,TUCSON
7523,TUFF
7526,TUI
7527,TULA
7528,TULI
7529,TUMBLEWEED
7530,TURTLE
7531,TUSKER
7533,TWAIN
7535,TWEETY
7536,TWILO
7537,TWISTER
7538,TWIXY
7539,TWIZZLER
7540,TYAPA
7541,TYBALT
7542,TYCO
7543,TYE
7544,TYSAN
7545,TYSEN
7546,TYSINA
7547,TZHINGA
7548,ULA
7549,ULAH
7552,ULLYSIS
7553,ULRICH
7554,UMKA
7555,UNKNWN
7556,URI
7557,USHER
7558,VALENTIN
7559,VALENTINES
7560,VALKYRIE
7561,VALLI
7562,VALOR
7563,VANESSA
7564,VANNAH
7565,VASCO
7566,VASIA
7567,VEE
7568,VELMA
7569,VICENTA
7570,VICENTE
7571,VICIOUS
7572,VICKIE
7573,VIEJO
7574,VIGGO
7575,VIKKI
7576,VINCENZO
7577,VINCI
7578,VIPER
7579,VIV
7580,VIVI
7581,VIVIEN
7582,VIVIENNE
7583,VONNIE
7584,WADE
7585,WA-LA-LI
7586,WALLIE
7587,WALLIS
7588,WALT
7589,WARNER
7590,WARREN
7591,WATTS
7592,WEE
7593,WEEEGEE
7594,WEEZER
7595,WEIMARANER
7596,WELLIE
7597,WENSDAY
7598,WESTBROOK
7600,WESTLY
7601,WHEEZY
7602,WHIDBEY
7603,WHIR
7604,WHISKERS
7605,WHISTLER
7606,WHITMAN
7608,WHITT
7609,WHITTAKER
7610,WICKED
7611,WICKLOW
7612,WIDGET
7613,WIFI
7614,WIGGENS
7616,WILCO
7617,WILDER
7618,WILEE
7619,WILHELMINA
7620,WILLABY
7621,WILLI
7622,WILOMENA
7624,WIMBA
7625,WINCHESTER
7626,WINDSOR
7627,WINFIELD
7628,WING
7629,WINIFRED
7630,WINNI
7632,WINNIFRED
7633,WINNY
7634,WINONA
7635,WISDOM
7636,WITTEN
7637,WOLFEY
7638,WOOGIE
7639,WOOKIEE
7641,WREN
7642,WREX
7643,XAM
7644,XAVI
7645,XAVY
7648,XINA
7649,XOR
7650,XYLA
7651,Y
7652,YAMATO
7653,YAN
7654,YARI
7655,YARY
7657,YASHA
7659,YASU
7660,YAZHI
7661,YEPPI
7662,YETTA
7663,YEYE
7664,YING
7665,YOLA
7666,YOLO
7667,YONCE
7668,YSABEL
7669,YUMA
7670,YUNIOR
7671,YUPPY
7672,YUPSY
7673,YUUKI
7674,ZAHAV
7675,ZAINA
7676,ZANNE
7677,ZASHA
7678,ZASU
7679,ZAZOO
7681,ZAZZY
7682,ZEB
7683,ZEE
7684,ZEE-ZEE
7685,ZEKY
7686,ZENO
7688,ZETTIE
7689,ZEZE
7690,ZHORIK
7691,ZHUZHA
7692,ZIA
7693,ZIBA
7694,ZIGGI
7695,ZIGGIE
7696,ZILLA
7697,ZINC
7698,ZINKY
7699,ZIP
7700,ZIPPER
7701,ZIRA
7703,ZIZI
7704,ZLATAN
7705,ZOEE
7706,ZOHAN
7708,ZORRA
7709,ZOSYA
7710,ZOWIE
7711,ZSAZSA
7712,ZULY
7713,ZZ
7714,AALSKA
7715,AARAV
7716,AARYN
7717,ABACA
7718,ABAGAIL
7719,ABBA
7720,ABBEYROAD
7721,AB-BINGO
7722,ABECROMBIE
7723,ABEJA
7724,ABERCROMBIE
7725,ABIGALE
7727,ABIGIAL
7729,ABILENE
7730,ABILGAIL
7732,ABITA
7733,ABLE
7735,ABREE
7736,ABRIK
7737,ABSOLUT
7739,ABUELA
7740,ABUJA
7741,ABUR
7743,ACCEL
7744,ACCIDENTALLY
7745,ACCURA
7746,ACHAK
7747,ACHOO
7748,ACKERMAN
7749,ADAGIO
7750,ADAH
7751,ADAMA
7752,ADAR
7753,ADDER
7754,ADDEY
7755,ADE
7756,ADELA
7758,ADELIA
7759,ADELINA
7760,ADELLA
7761,ADELLINE
7762,ADIDI
7763,ADOLF
7764,ADOLFO
7765,ADORABLES
7766,ADORE
7767,ADRIANA
7768,ADRIANE
7769,ADU
7770,ADULIO
7771,AEGE
7772,AEGEAN
7773,AEKI
7774,AENGUS
7775,AERIE
7776,AERO
7777,AERYS
7778,AESOP
7779,AFRICA
7780,AGAPE
7781,AGASHA
7782,AGATE
7783,AGATH
7784,AGATHOR
7785,AGLAIA
7787,AGNUS
7788,AGRO
7789,AGUA
7790,AGUILES
7791,AHAVA
7792,AHIL
7793,AHIMSA
7794,AHSOKA
7795,AICHAN
7796,AIK
7798,AINM
7801,AINSLEY
7802,AINSWORTH
7804,AIRBORNE
7806,AIRLIA
7807,AJAXX
7808,A-JAY
7809,AJI
7810,AKAMARO
7811,AKAMARU
7812,AKEELA
7813,AKEELAH
7814,AKEILLES
7815,AKELLA
7816,AKEMI
7818,AKHILLES
7819,AKIAK
7820,AKIERO
7821,AKINA
7823,AKINO
7824,AKIO
7825,AKIRO
7826,AKITA
7827,AKYLEEZ
7828,AL_BINA
7830,ALACA
7833,ALADAR
7834,ALADDIN
7835,ALAIN
7837,ALANA
7838,ALANIS
7839,ALANNA
7840,ALASHA
7841,ALAYAH
7844,ALBA
7845,ALBAN
7847,ALBATROSS
7848,ALBERTO
7849,ALBUCA
7851,ALBY
7852,ALDI
7853,ALEE
7854,ALEECIE
7855,ALEEYA
7856,ALEJO
7857,ALEPH
7858,ALESANA
7859,ALESSANDRA
7860,ALESSIA
7861,ALEXANDRA-SOPHIA
7862,ALEXAROSE
7863,ALEXI
7864,ALEXIE
7865,ALEXUS
7866,ALEXXA
7867,ALF
7868,ALFI
7869,ALFONSE
7870,ALGONQUIN
7871,ALGY
7872,ALIE
7873,ALIRAHMAN
7874,ALISTER
7875,ALIX
7876,ALIYAH
7878,ALKA-ALI
7879,ALLAGASH
7880,ALLAN
7881,ALLE
7882,ALLEGRO
7883,ALLEY-KAT
7884,ALLIANNAH
7885,ALLICE
7886,ALLISTAIR
7887,ALMO
7888,ALONDRA
7889,ALONSO
7890,ALOU
7891,ALOVANNI
7892,ALOYCIUS
7894,ALOYSIUS
7895,ALPA
7896,ALPHIE
7897,ALPINE
7898,ALPO
7899,ALSTON
7900,ALTAI
7901,ALTAY
7902,ALVA
7903,ALVAR
7904,ALVARADO
7906,ALVY
7907,ALY
7908,ALYSSA
7909,ALYVIA
7911,ALYZE
7912,AMADA
7913,AMALFI
7915,AMAN
7916,AMANDEAUS
7917,AMAROK
7918,AMAVA
7919,AMBA
7920,AMBAR
7923,AMBERAIRES
7924,AMBERDEE
7925,AMBIE
7926,AMBITION
7927,AMBROSE
7928,AMBROSIA
7929,AMERICANO
7931,AMEY
7932,AMICA
7933,AMICI
7934,AMICO
7935,AMINA
7936,AMIRA
7937,AMIRDA
7938,AMITZ
7939,AMOR
7940,AMORCITO
7941,AMORT
7942,AMPERSAND
7944,AMRA
7946,AMSTERDAM
7947,ANAI
7948,ANAKE
7950,ANAKI
7951,ANALEASE
7953,ANALEE
7954,ANALIESE
7955,ANAMCARA
7956,ANANDA
7957,ANAT
7960,ANCHOR
7961,ANCHOVY
7963,ANCIONE
7964,ANDE
7965,ANDEN
7966,ANDRAMEDA
7967,ANDRINA
7968,ANDRO
7969,ANEECE
7970,ANELA
7971,ANGEL-BABY
7973,ANGEL-GIRL
7974,ANGELIE
7975,ANGELIKA
7976,ANGELINE
7977,ANGELLA
7978,ANGELOU
7979,ANGELUS
7981,ANGIE-ANGELINA
7982,ANGSTROM
7983,ANGUILLA
7984,ANGUS-DAIN
7985,ANIBELL
7986,ANIKA
7988,ANIKEN
7989,ANIME
7990,ANISE
7991,ANISTON
7992,ANIX
7993,ANJELICA
7994,ANJELIE
7995,ANJOLINA
7997,ANJUNA
7998,ANKA
7999,ANKE
8000,ANKO
8002,ANNABETH
8003,ANNADREW
8004,ANNALIESE
8005,ANNEBELLE
8006,ANNECY
8007,ANNEETA
8009,ANNIELEIGH
8010,ANNIKA
8011,ANNIVERSARY
8012,ANNUSHKA
8013,ANRIR
8014,ANSARI
8015,ANTHEM
8016,ANTIGONE
8018,ANTONELLA
8020,ANTONIO
8021,ANTOSHA
8022,ANTOSHKA
8023,ANZU
8024,AOKI
8026,APALLO
8027,APHA
8028,APOLLOP
8029,APONTE
8030,APPALACHIA
8031,APPIE
8033,APPLESAUCE
8034,APPOLLO
8035,APU
8036,APUS
8037,AQUINNAH
8038,AR
8039,ARABEL
8040,ARAGON
8041,ARAGORN
8042,ARANCIA
8044,ARANTXA
8045,ARAWEN
8048,ARAYA
8049,ARCA
8051,ARCANGEL
8052,ARCHIBAL
8053,ARCHIEBALD
8054,ARCHIEBOLD
8056,ARCTIC
8057,ARDEE
8059,ARDI
8060,ARF
8061,ARFTURO
8062,ARFY
8063,ARGI
8064,ARIADNE
8065,ARIANA
8066,ARIE
8067,ARIELA
8069,ARIO
8070,ARISTATOLE
8072,ARISTO
8073,ARIZONA
8074,ARJUNA
8075,ARK
8076,ARKEDENS
8078,ARLEE
8079,ARLEN
8080,ARMANII
8081,ARMANY
8082,ARMONIA
8083,ARMOR
8084,ARMSTRONG
8085,ARO
8086,AROO
8087,ARPEGGIO
8088,ARRIA
8089,ARRIS
8090,ARRO
8091,ARTIA
8092,ARTO
8093,ARTOUREAU
8094,ARTURO
8095,ARTY
8096,ARUGULA
8097,ARUN
8098,ARVIL
8099,ARVIN
8100,ARWOLD
8101,ARYE
8102,ARYTON
8103,ASA
8104,ASAHI
8106,ASAL
8108,ASCOT
8109,ASHA
8110,ASHALA
8111,ASHERS
8112,ASHES
8113,ASHETON
8114,ASHKII
8116,ASHLEE
8117,ASHTI
8120,ASHTION
8122,ASHUR
8123,ASKA
8124,ASKAR
8125,ASKHIM
8126,ASKIM
8127,ASKUR
8128,ASLAN
8129,ASSATA
8130,ASSISSI
8132,ASTIN
8133,ASTRA
8134,ASTRAL
8135,ASTROJONES
8136,ASUNA
8137,ASYA
8138,ATHEN
8139,ATHEWA
8140,ATHINA
8141,ATKI
8142,ATLAS2
8143,ATREU
8144,ATREUU
8146,ATTERBURY
8147,ATTI
8148,ATTICUES
8149,ATTICUSMONET
8150,ATTIE
8151,ATTINA
8153,ATWOOD
8154,AUBIE
8155,AUDAX
8157,AUDETTE
8158,AUDIE
8159,AUDIO
8161,AUFIE
8162,AUGUSTE
8163,AUGUSTIN
8164,AUGUSTINE
8166,AUGUSTO
8167,AULË
8168,AUNT
8169,AUOJIE
8170,AURELIA
8171,AUREO
8172,AUSTEN
8173,AUZWALD
8175,AV
8176,AVACYN
8177,AVARI
8179,AVENUE
8180,AVERI
8181,AVIE
8182,AVIS
8183,AVI'S
8185,AVIV
8186,AVIVA
8187,AVO
8188,AWRENCE
8189,AXE
8190,AXEI
8191,AXIL
8192,AYALA
8193,AYSEN
8194,AYUMI
8195,AYUMI-CHAN
8196,AYVA
8197,AZEEZ
8199,AZER
8200,AZIMA
8201,AZU
8202,AZULA
8203,AZUMI
8204,AZZURE
8205,AZZURRA
8206,AZZURRO
8207,AZZY
8208,B.B
8209,BAAKO
8210,BABALU
8211,BABAYGASHI
8212,BABBU
8213,BABEAR
8214,BABEE
8215,BABO
8216,BABS-DAISY
8217,BABUSHKA
8218,BABY,
8219,BABY-BELLO
8220,BABYBOY
8221,BABYGIRL
8222,BABYLOVE
8223,BACA
8224,BACALL
8225,BACARID
8226,BACHATA
8227,BACHEERA
8228,BACHI
8229,BACHO
8230,BACKGAMMON
8232,BADA
8233,BADAMTAM'S
8234,BADGELY
8235,BADOODLE
8236,BADOOK
8237,BADU
8238,BAER
8239,BAFFI
8240,BAGHEERA
8241,BAGIRA
8242,BAIEY
8243,BAILE-SPENCER
8244,BAILEYM
8245,BAILEY-RAYNE
8246,BAILI-ANN
8247,BAILLEY
8248,BAILY
8249,BAIN
8250,BAINGAN
8251,BAIRN
8252,BAJA
8253,BAJI
8254,BAJITOTRON
8255,BAJJI
8256,BAKO
8258,BAKRKE
8259,BAKU
8262,BALABUS
8263,BALAGUR
8264,BALAM
8265,BALBINA
8266,BALCOLM
8267,BALISSA
8268,BALL
8269,BALLADE
8271,BALLAK
8272,BALLY
8273,BALOU
8274,BALTAR
8275,BALTHUS
8276,BALTI
8277,BALU
8278,BALUT
8279,BALZAC
8280,BAMBEE
8281,BAMBI,A,ARROYO
8282,BAMBO
8283,BAMBOU
8285,BAMI.MASI
8286,BAMM-BAMM
8287,BAMMI
8288,BANDERA
8289,BANDIDA
8290,BANDITA
8291,BANDITO
8292,BANDO
8293,BANGA
8294,BANGER
8295,BANGERS
8296,BANGLE
8297,BANGNOU
8298,BANGO
8300,BANGWOL
8301,BANIFACIO
8302,BANIT
8304,BANJI
8306,BANJOH
8307,BANNY
8308,BANQUO
8309,BANSS
8310,BANTAM
8311,BANZAI
8312,BAOBAY
8313,BAOBEI
8314,BAPA
8315,BARBARAERI
8316,BARBEE
8317,BARBI
8318,BARBIC
8319,BARBOUR
8321,BARBS
8322,BARCA
8323,BARCARDI
8324,BARCEIO
8325,BARD
8326,BARFI
8327,BARK
8328,BARKAVIOUS
8329,BARKER
8330,BARKIS
8331,BARKSDALE
8332,BARKUS
8333,BARKY
8334,BARNABAS
8335,BARNABEE
8336,BARNACLES
8337,BARNIE
8338,BARO
8339,BARONESS
8340,BARRETA
8342,BARRETT
8344,BARRIE
8345,BARRISTAN
8346,BARTEK
8347,BARTHOLOME
8348,BARTLEBY
8349,BARTLETT
8350,BARTLEY
8351,BARTOK
8352,BARUCH
8353,BASCO
8354,BASH
8355,BASHFUL
8356,BASHO
8357,BASQUIAT
8358,BASQUIAT(ORIGINALLY
8361,BASS
8362,BASSEL
8363,BASU
8364,BATALLON
8366,BATEMAN
8367,BATES
8368,BATTLE
8369,BATTY
8370,BAUER
8371,BAUMER
8372,BAUS
8374,BAXLEY
8376,BAYA
8377,BAYLE
8378,BAY-LEE
8379,BAYLI
8380,BAYLYN
8383,BAYTOBIN
8384,BAZ
8385,BAZI
8386,BAZIL
8387,BAZINGA
8388,BAZOOZOO
8389,BAZUL
8390,BAZZLE
8391,BBLISSARD
8392,BBOME
8393,BBOMMY
8394,B-BUSTER
8395,BEACHEO
8396,BEADIE
8397,BEAL
8398,BEANER
8399,BEANZZZ
8400,BEARBEAR
8401,BEARHUNTER
8402,BEARSHARK
8404,BEASTIE
8405,BEASTY
8406,BEAT
8407,BEATA
8409,BEATHA
8410,BEATLE
8411,BÉATRICE
8412,BEATRIX-WIHELMINA
8413,BEATTY
8414,BEAU-BEAU
8415,BEAUBIE
8416,BEAUDINE
8417,BEAUFORT
8419,BEAUSOLEIL
8420,BEAVER
8421,BEBE-BIRMA
8422,BEBEE
8423,BEBI
8425,BEBIE
8426,BECKFORD
8427,BEDELIA
8428,BEECHAM
8429,BEECHER
8430,BEEGEE
8431,BEEJOVE
8432,BEEKER
8433,BEEMKA
8434,BEENIE
8435,BEES
8436,BEESES
8437,BEETLE
8438,BEETY
8439,BEEVO
8440,BEEZIE
8441,BEEZUS
8442,BEGONIA
8443,BEIBEE
8444,BEIBEI
8445,BEIGEA
8446,BEILE
8447,BEINGUE
8448,BELARUS
8449,BELGIUM
8450,BELICHICK
8451,BELIZE
8452,BELLA/TINKERBELLE
8453,BELLA-BLEU
8455,BELLADONA
8456,BELLAGIOIA
8457,BELLALUNA
8458,BELLAMARIE
8459,BELLA-MUSHKY
8460,BELLINA
8462,BELLS
8463,BELLSEY
8464,BELOCHKA
8465,BELVEDRE
8466,BELVIE
8467,BEMBESITO
8468,BEMJIE
8470,BEMUNOFY
8471,BENANCIO
8472,BENDEL
8473,BENDELS
8474,BENECIO
8475,BENELLI
8476,BENES
8477,BENGAL
8478,BENGGY
8479,BENITORA
8480,BENJAMINA
8481,BENJE
8482,BENJICONCEPCION
8483,BENJIMAN
8485,BENJIMIN
8488,BENJI-RAY
8489,BENJU
8490,BENJY
8491,BENNET
8492,BENNEY
8493,BENNI
8494,BENNO
8495,BENO
8496,BENSHEE
8497,BENSKY
8499,BENSONHURST
8502,BENTLI
8504,BENTO2
8505,BENTON
8506,BENTZI
8508,BENVOLIO
8509,BENYA
8510,BENZINO
8511,BENZY
8513,BEO
8514,BEOWOLF
8517,BERA
8518,BERGAMOT
8519,BERGER
8520,BERGIE
8521,BERING
8522,BERLINGO
8523,BERNICE
8524,BERTA
8525,BERTO
8526,BERY
8527,BESITO
8528,BET
8529,BETHOVIEN
8530,BETSA
8533,BETTA
8534,BETTEE-BOO
8535,BETTIEPAGE
8536,BETTIS
8537,BETTO
8538,BETTY-ROSE
8540,BEUFORD
8541,BEUHLA
8542,BEVERLEY
8543,BEVIN
8544,BEVO
8546,BEX
8548,BEXAR
8549,BEXLEY
8550,BEYAZ
8551,BEYLA
8552,BEYONCÉ
8553,BEZ
8554,BEZALEL
8555,BEZIE
8556,BHAKTI
8557,BHIKKU
8558,BHINDI
8559,BHODI
8560,BHOONNA
8561,BHORIS
8562,BI
8563,BIAGGIO
8564,BIAH
8565,BIALEY
8566,BIANCHA
8567,BIBIANA
8568,BIBY
8569,BICKY
8570,BID
8571,BIDO
8572,BIGBOIPLUGGER
8573,BIGBOY
8575,BIG-BOY
8578,BIGBY-CLYDE
8580,BIGG
8581,BIGGA
8582,BIGIE
8583,BIGS
8584,BIJI
8586,BIJLI
8587,BIJON
8588,BIJU
8589,BIKER
8590,BILI
8591,BILLA
8592,BILLEE
8594,BILLIAM
8595,BILLIEMAPL
8596,BILLINGHAM
8597,BILOXI
8598,BIMBO
8599,BIMKA
8600,BIMMER
8601,BINAH
8602,BINET
8603,BINEY
8604,BINGBING
8606,BINGHAM
8607,BINGI
8608,BINKA
8609,BINKI
8610,BINKIE,
8612,BINKLES
8613,BINKS
8614,BINY
8615,BIPI
8617,BIPPY
8618,BIRD
8620,BIRDI
8621,BIRDY
8624,BIRON
8625,BISCUITS
8626,BISI
8627,BISKY
8629,BISTO
8630,BISTRO
8631,BITS
8632,BIXBEE
8633,BIZU
8634,BIZZEE
8635,BIZZLE
8636,BIZZY
8637,BJAY
8638,BJORN
8639,BLACE
8640,BLACKBEAR
8641,BLACKEY
8642,BLACKFORD
8643,BLACKIN
8644,BLACKITA
8645,BLACKYS
8646,BLAISEY
8647,BLAKELY
8648,BLAME
8649,BLANCHY
8650,BLANKIE
8651,BLANKITA
8652,BLANKYPOTY
8654,BLANQUITO
8655,BLANTON
8656,BLARNEY
8657,BLAS
8658,BLAZ
8661,BLAZIE
8662,BLAZIN
8663,BLAZZY
8664,BLEACH
8665,BLESSIT
8667,BLESSO
8668,BLESSU
8669,BLINK
8670,BLINKEY
8671,BLINKIN
8672,BLITSON
8673,BLITZEN
8674,BLIZZ
8675,BLIZZIT-SNOW
8676,BLIZZY
8677,BLONDE
8678,BLOO
8679,BLOOMBERG
8680,BLOSSUM
8681,BLOZ
8682,BLT
8683,BLU-BELLA
8684,BLUE-BELLE
8685,BLUEBIRD
8687,BLUE-GOTTI
8688,BLUEPRINT
8689,BLUES
8690,BLUESY
8691,BLUEWAVE'S
8692,BLUFF
8694,BLUNO
8696,BLYTHE
8697,B-MO
8698,BOARBON
8700,BOBBEE
8701,BOBBIN
8702,BOBDOG
8704,BOBEK
8705,BOBIE
8706,BOBKA
8707,BOBKE
8708,BO-BO
8709,BOBUS
8710,BOBWAY
8711,BOCEPHUS
8712,BODASHIOUS
8714,BODEWELL
8715,BODEY
8716,BODHISATTA
8717,BOEING
8718,BOFFIN
8719,BOGATA
8720,BOGGIENIGHTS
8722,BOGS
8723,BOH
8724,BOI
8725,BOJAY
8726,BOJEE
8727,BOJI
8728,BO-JOE
8729,BOKKA
8730,BOKOLI
8731,BOLDO
8732,BOLDT
8733,BOLEYN
8734,BOLGA
8735,BOLIN
8736,BOLIVAR
8737,BOLLINGER
8739,BOLOTA
8740,BOLTON
8741,BOMBILLO
8742,BOMBOM
8743,BOMMER
8744,BON-
8746,BONACKER
8747,BONAPARTE
8748,BONEZ
8749,BONGEAUX
8750,BONGGU
8751,BONI
8753,BONI-MOON
8754,BONITA,
8756,BONKERS
8757,BONN
8758,BONNAPARTE
8759,BONNER
8760,BONNET
8761,BONNIEBELLE
8762,BONNILYN
